237.8772128326707-469.5526885617154*I,-0.0008470718993566339-0.0004299479784304264*I
-413.8840943620182+325.2153932966147*I,0.0005863419257911473+0.0007474057586186842*I
512.4880094301451-120.05648023706935*I,-0.00021595440619707185-0.0009250862837191483*I
-515.2576262954371-107.53287382566292*I,-0.00019478046637515773+0.0009297769796721071*I
421.70415531369093+314.99546415704634*I,0.0005690586774665121-0.0007606530478325314*I
-249.33889448392713-463.56413512804346*I,-0.0008369409475573052+0.0004493709785714016*I
30.401436647638057+525.4922016327082*I,0.0009483971815199163-0.00005415373916695134*I
194.18215923982328-489.2463600071213*I,-0.0008826698735397572-0.00035112024193663594*I
-382.4711865521559+361.6338249028513*I,0.0006521025714483986+0.0006907657973560424*I
499.3207902138995-166.54462200371123*I,-0.00029985898139303266-0.0009013861535030134*I
-522.9801559849371-59.567645659113275*I,-0.00010824146693621576+0.0009437747655508465*I
449.1098176495091+274.5122158133569*I,0.0004960492655454002-0.0008101571944247372*I
-291.5849556315348-438.22261097268324*I,-0.000791274008269973+0.0005256302038870021*I
79.84951755148852+520.279269115282*I,0.0009390569075771951-0.0001433769079912018*I
146.6166939113918-505.54203505990404*I,-0.0009121291071737856-0.0002653267731893714*I
-345.7042102240134+396.93598200282395*I,0.0007158295479341256+0.0006244827269599758*I
480.56462573577534-214.83348932000044*I,-0.0003869796713520752-0.0008676117867014292*I
-526.3185587232775-6.821413951215149*I,-0.000013120906138317534+0.0009498561877666219*I
474.9435131340538+226.91534027312727*I,0.0004102546966375251-0.000856793709000344*I
-336.311802699441-404.9242369202389*I,-0.0007312922177165172+0.0006063024166286196*I
136.35987630278453+508.40981801421134*I,0.0009177207518882254-0.000245247493274855*I
87.92458166141952-518.9878859291367*I,-0.0009364117819578321-0.00015957454628775662*I
-295.56089208898067+435.5751017095052*I,0.0007854741645831235+0.0005341805549596976*I
449.27875638037636-274.29189058220175*I,-0.0004940715699825177-0.0008113075386075346*I
-522.3574584409084+65.06170345210924*I,0.00011627745947346612+0.0009427583100182063*I
503.2982426714952+154.24178207011036*I,0.00027949682058487697-0.0009078347283885906*I
-397.4897293800797-345.1355482832763*I,-0.000623758833203399+0.000716341860302006*I
225.53584230106543+475.68694312713666*I,0.0008588667765875547-0.00040556703957362407*I
-18.654920918156044-526.1481759243962*I,-0.0009492096980173081+0.00003196909027937258*I
-187.75743983691342+491.90744334942053*I,0.0008865460622268311+0.00034045293481750323*I
361.10403021571756-383.2640075678371*I,-0.0006896077762211513-0.0006527719735844963*I
-477.5016407778032+222.1904797264625*I,0.0003982591214651369+0.0008618441401139896*I
525.4926218144739-36.921653503248365*I,-0.00006371503731369503-0.000947052794605367*I
-506.83077104305517-144.27214224030723*I,-0.0002627440692600809+0.0009117762702281302*I
434.4232208760956+298.69930576800755*I,0.0005399978282124609-0.0007797059928109993*I
-328.2429577662285-412.9479458391867*I,-0.0007439101723882434+0.0005874447770519898*I
210.43195915127447+484.0894643857818*I,0.000869670991609866-0.00037552208745134856*I
-101.19041900683037-518.3184766652806*I,-0.0009294322716874785+0.00018063159470843617*I
16.55743415759893+527.7988248826438*I,0.000946387919621846-0.000031096187659522994*I
27.70784259713944-526.7397501554226*I,-0.0009468255714721941-0.00004655411114355942*I
-19.708647300487765+526.1931018951886*I,0.0009491438425307759+0.00003316834847798291*I
-177.66911974897783+495.56188101667556*I,0.000894772929324692+0.00031859728103214905*I
-318.5330358004675+419.0684553584072*I,0.000757285604400819+0.0005734621395509229*I
-429.48487049169336+304.24433701302956*I,0.0005502555287340661+0.0007744370438724553*I
-500.73871744513804+162.06162293561115*I,0.0002934162271493165+0.0009036910080493976*I
-526.2291835898362+5.769723732746242*I,0.000010855326726190315+0.0009500861621040941*I
-504.29455772577984-150.42492138266078*I,-0.000271625105889908+0.0009105053665783181*I
-437.44651617025085-292.5524338980007*I,-0.0005286100271279545+0.0007895269563097063*I
-332.18690224560174-408.204092928193*I,-0.0007375542907476862+0.0005989071581086738*I
-198.227982596325-487.57823942862956*I,-0.0008806184049471141+0.0003564114765567781*I
-47.601879661362894-524.2487008822371*I,-0.0009461630849956113+0.00008395646658242753*I
106.49699665432286-515.6080398042732*I,-0.0009296112800289471-0.00019441341961118808*I
250.84057399579595-463.0281846360277*I,-0.0008335679077715744-0.00045470975688043525*I
373.3827922675883-371.527596755019*I,-0.0006673879117164283-0.00067508961784341*I
464.1477303304657-249.33892753231646*I,-0.00044618802099864876-0.0008376002703635153*I
516.0512287361742-107.02017730702867*I,-0.00018924433095098432-0.0009296888520764606*I
525.4120922849681+43.43336026338324*I,0.00008166607178872384-0.0009449246842814395*I
492.08680714355984+189.67595441348828*I,0.0003442713728625892-0.0008834250835263236*I
419.4081360919416+319.99997965248645*I,0.000577605335620663-0.0007515028207526074*I
313.7967293630196+424.28527462922875*I,0.0007636442619574386-0.0005609406928844998*I
184.06991208938396+494.7337233156268*I,0.0008887323754127022-0.0003277633692537732*I
40.766857989024146+526.4269061987973*I,0.0009443495690291735-0.00007090835590141696*I
-104.86273608085722+517.5891272937571*I,0.0009276455491008496+0.00018959845441466583*I
-241.6935686314217+469.6399030374127*I,0.0008413172803857532+0.0004340416539976869*I
-359.6075883621867+386.90710469518*I,0.0006932207603717696+0.0006446130551624982*I
-450.2289835528023+276.22131232823136*I,0.0004954774566282323+0.0008066055579215058*I
-507.5052057594331+146.26264558940036*I,0.00026340976325174846+0.0009093366229175261*I
-528.0202074474768+6.823316075622715*I,0.000014234447593522663+0.0009467894226248217*I
-511.15583400491664-131.9736517331476*I,-0.00023422753909765412+0.0009177414883845104*I
-459.0031771238742-260.43150665953846*I,-0.00046483500615866015+0.0008256259480805194*I
-376.0198943461961-369.9820745022248*I,-0.0006623060213777352+0.0006781010248719334*I
-268.6310075204895-453.7198401047013*I,-0.0008141300067441874+0.00048628956225825844*I
-144.6381083922104-506.7915185136232*I,-0.0009113354031225569+0.00026386403308155523*I
-12.563723514934631-526.6312085706662*I,-0.000948852483619298+0.000025995559255476186*I
118.94199289812464-512.9451994152271*I,-0.0009256986906755919-0.00021172243925649667*I
241.67511155915025-467.61384953510765*I,-0.0008448901930461007-0.00043422946936471567*I
348.4425119411775-394.3608572413805*I,-0.000712898063850682-0.0006281814495947664*I
433.36280073591723-298.42681336541193*I,-0.0005391953332325112-0.0007825046047869942*I
492.173145017764-186.1466575879206*I,-0.00033543981029485594-0.000889078826531126*I
522.3415056911466-64.42292506223414*I,-0.00011452735892312288-0.0009431460757905558*I
523.0878422755602+59.649775597835024*I,0.0001102513689433224-0.0009433332480097243*I
495.3179474226449+179.22971071574204*I,0.00032615477579795273-0.0008915429285290498*I
441.3781855833276+288.00791379336545*I,0.0005215751091216059-0.0007925226677767301*I
364.97273727797403+380.65935433313865*I,0.0006869981692358938-0.0006534976571669074*I
270.76246477596567+452.91777072770117*I,0.0008150653338829928-0.00048330910240486894*I
164.11478995142178+501.80647212258384*I,0.0009009953568298437-0.00029185043970646115*I
50.760356613609254+525.7260582842334*I,0.0009424857535049019-0.00008934323018205563*I
-63.533979665725035+524.4356217199297*I,0.0009396078070501068+0.00011423832435126243*I
-173.27247720341643+499.0171350529618*I,0.0008945044224697672+0.00030961681994882235*I
-273.5515376686504+451.71985876719305*I,0.0008110356895411284+0.0004886126065396302*I
-360.29716312801014+385.7158699739428*I,0.000694444513292653+0.0006443600102287542*I
-430.4156971536107+304.88203846158746*I,0.000551000607568002+0.0007714212955391123*I
-481.9041800704195+213.4255514398155*I,0.00038763881157472224+0.0008659153793400174*I
-513.8029956612253+115.66997956465453*I,0.00021172724947893015+0.0009255179878255389*I
-526.1143353286604+15.729181142999572*I,0.00003063583696504877+0.0009494891461403535*I
-519.6411368035184-82.63124656000419*I,-0.00014842494844380058+0.0009386397257752016*I
-495.81237303442225-176.1355535652105*I,-0.00031885134003290736+0.0008952161781313148*I
-456.4810251292011-262.04978729270016*I,-0.00047492206682549025+0.0008227346274073074*I
-403.8293668374478-338.13417553237156*I,-0.0006120548870520273+0.0007257110473221199*I
-340.21220902484566-402.6768182443961*I,-0.0007270254204810312+0.000609220186284274*I
-268.14644916850494-454.41528021332476*I,-0.0008179578967628627+0.00047857360832746516*I
-190.25154705797164-492.5637664204752*I,-0.0008842468382791449+0.0003388871321500156*I
-109.1749329939734-516.8449105057443*I,-0.0009263010102423476+0.00019479139201526968*I
-27.522686271989564-527.5220391231007*I,-0.0009452430601362117+0.00005030617229303165*I
52.30103112411648-525.3857230331851*I,-0.0009426435550312634-0.00009120891732008926*I
128.23888624383645-511.7037879682766*I,-0.0009203039774047583-0.00022690304707961612*I
198.69491546647433-488.09390571106934*I,-0.000880193483534093-0.00035432631071074914*I
262.61778569765005-456.32403238050983*I,-0.0008244985019685669-0.00047132384103363087*I
319.452147611569-418.15040008531463*I,-0.0007557102167140171-0.0005760485603728625*I
369.048280995951-375.1144511705131*I,-0.000676637875645228-0.0006671443089157915*I
411.48591743137257-328.50514528098324*I,-0.0005903125386044772-0.0007438836093734082*I
446.8912933471039-279.4480798358917*I,-0.0004998916925050213-0.0008063008706985393*I
475.41657745001453-228.90986764540645*I,-0.0004081433222434423-0.0008552319974499136*I
497.21416709127277-177.92535520183858*I,-0.0003173359057826952-0.0008920864253782003*I
512.5666427362895-127.57602298041465*I,-0.0002289996900149335-0.000918526664591823*I
522.0054174531639-78.9830073045244*I,-0.00014404356633187487-0.0009360979338709277*I
526.354441951963-33.11780953242547*I,-0.00006296503443051194-0.0009459973654776376*I
526.6981705629574+9.265485031852622*I,0.000013616922011173102-0.0009491117462503979*I
524.168996970083+47.88185282737217*I,0.00008501996500780326-0.0009461633280315043*I
519.7659512590255+82.76051350585583*I,0.0001502571177828331-0.0009380782492911358*I
514.1876834712731+114.11241050788148*I,0.00020832941304540955-0.0009262181054301591*I
507.8019600244115+142.14011998793578*I,0.0002586800368645258-0.0009122723191984347*I
500.8269973518355+166.80188238586604*I,0.00030128382878164434-0.0008980505742568444*I
493.53256862950764+187.83123477185157*I,0.0003367119426443546-0.00088499548347124*I
486.4179890763399+204.85546441961466*I,0.0003657383137389433-0.0008739375683861052*I
480.17388753516184+217.6711200029743*I,0.0003889450881352931-0.0008650177478487207*I
475.5274916289061+226.3489404157292*I,0.0004063064561346177-0.0008581058662853394*I
472.9727164579692+231.22033739363937*I,0.0004172649186455676-0.0008532048603621716*I
472.58721793140455+232.67167214970073*I,0.0004210896047444882-0.0008507301087657163*I
474.1192786796835+230.83969766521255*I,0.0004172772259810053-0.0008514656051871926*I
477.1713709267517+225.50279754237502*I,0.0004058846047299783-0.0008560593923197306*I
481.50890229202435+216.13178691999934*I,0.00038725693497186636-0.0008646144126336809*I
487.09231355704264+202.19917552681474*I,0.00036166988173698357-0.0008764071323837436*I
493.95997777718844+183.40504811539358*I,0.0003288254693437819-0.0008901823104870836*I
501.9179213186994+159.73106439680967*I,0.00028784121588643844-0.0009046223800547109*I
510.33432247248174+131.26839481782773*I,0.00023763576426606435-0.0009186663786728684*I
518.1645425481365+97.9565186846288*I,0.0001774674024037211-0.0009314300785217877*I
524.1867093601744+59.50695063760223*I,0.00010722097365890686-0.00094172825145189*I
527.2019350926423+15.603314189891202*I,0.000027315109677527235-0.0009476360603575972*I
526.0831361454083-33.82200118925521*I,-0.00006172321942541987-0.0009464904908196895*I
519.5766586463981-88.37229745541839*I,-0.00015934788258319826-0.000935264334089027*I
515.2128220647262-111.41179954181233*I,-0.0002005625423209524-0.0009274316125959672*I
509.45592151053995-135.1314412652403*I,-0.00024303769910444852-0.0009170136721388914*I
502.45285160319816-159.358228678352*I,-0.0002864922222986731-0.0009043047928398696*I
493.9881068506438-184.0428775694233*I,-0.0003308304957293989-0.000888958999220359*I
483.9556565402062-209.08383014592243*I,-0.0003758648128381005-0.0008708116286449531*I
472.2450042970554-234.37508327269546*I,-0.00042137490047303123-0.0008496774686077083*I
458.75078630268575-259.8254374101219*I,-0.0004671689821355635-0.0008253692531174519*I
443.384222853764-285.27451349729466*I,-0.00051293767563079-0.0007977120667084941*I
426.06217410762946-310.5796012007475*I,-0.0005584158306287464-0.0007665294358831483*I
406.7135929658026-335.5610196169434*I,-0.0006032929849048401-0.0007316656365332175*I
385.26845965125443-360.03638973365696*I,-0.0006472641851849875-0.0006929838241770376*I
361.67993690577805-383.7790486785221*I,-0.0006899542560133158-0.0006503880690668831*I
335.89875756679214-406.5654433051059*I,-0.0007309971197741596-0.0006038185874699097*I
307.88998914855773-428.1613361219128*I,-0.0007699976014608748-0.0005532462558295386*I
277.6447906038642-448.31018848472337*I,-0.0008064929014797068-0.0004987068143140189*I
245.1724249823462-466.7594873086284*I,-0.0008400023308894202-0.00044027007905337803*I
210.50951136371944-483.25659713524686*I,-0.0008700191450341123-0.0003780392805499492*I
173.74263412181534-497.5312745762216*I,-0.0008959878879641377-0.00031218265319385663*I
134.98710778069386-509.32480990785575*I,-0.0009173604731452052-0.00024288535696165628*I
94.40227118567198-518.3683515601667*I,-0.0009335953558663757-0.00017036289903437697*I
52.23468194614013-524.3621855510796*I,-0.0009441173090070255-0.00009497302362745564*I
8.707630553381803-527.0367773455216*I,-0.000948461971654683-0.000017010421807410087*I
-35.86076662359176-526.0898369272961*I,-0.0009461495806530589+0.0000630495311085398*I
-81.14495565728001-521.2355330478873*I,-0.0009367748657116437+0.00014468107432023542*I
-126.78202461597654-512.198622062836*I,-0.0009199786283134334+0.00022723625667487628*I
-172.38594285659613-498.73420643981086*I,-0.0008954512402412854+0.000309957505725535*I
-217.51155889465647-480.73956383152307*I,-0.0008631000550355676+0.0003919292510192186*I
-261.7649705993994-457.7887008398409*I,-0.0008222026056731653+0.00047227827242793266*I
-304.64033103413624-430.24677578953737*I,-0.0007733650927104213+0.000549930539338923*I
-345.55314447619224-397.6033928125884*I,-0.0007155489029534851+0.0006236904033797808*I
-383.99009222230484-360.39094283098626*I,-0.0006495303370050579+0.0006925639338737724*I
-419.29953330572204-318.6506991461908*I,-0.0005751781154556232+0.0007553978462195841*I
-450.8261843186449-272.6345511597934*I,-0.0004927598180003912+0.0008111306592219682*I
-477.8571120389356-222.68485338426078*I,-0.0004027790286238686+0.000858681856335278*I
-499.7076681906313-169.18447943572357*I,-0.00030591446697220744+0.0008970512461526989*I
-515.6972881386301-112.60601947913943*I,-0.00020312055560040208+0.0009252497001827904*I
-525.2020669142453-53.49947377594886*I,-0.00009559292551317707+0.0009423088526696941*I
-527.6987313265967+7.530092986685258*I,0.000015308576345924595+0.000947332971987202*I
-522.7509408948926+69.73739615838598*I,0.00012797399645855787+0.0009394479418543271*I
-510.0591657146043+132.2680315590833*I,0.0002406649397744218+0.0009178996607207602*I
-489.45430470831377+194.181362400006*I,0.0003516116250141389+0.0008820924554347023*I
-460.89530566392796+254.36222903274174*I,0.0004588737982211195+0.000831643311225163*I
-424.4706471842036+311.6305970246881*I,0.0005605538942057547+0.0007664685909851151*I
-380.4074672283121+364.6870169584434*I,0.0006546267654426123+0.0006868624056969271*I
-329.05363092076584+412.2605360766628*I,0.0007391481942175628+0.0005935099950574606*I
-270.90962958407437+453.07304374558277*I,0.0008120983581184761+0.00048753307089634826*I
-206.64358374144197+485.92718818614355*I,0.0008714605963492285+0.0003704705209856791*I
-137.1443871400688+509.7291840079533*I,0.0009152230478730591+0.00024428951959446437*I
-63.48943765780678+523.5743474731032*I,0.0009415317743471358+0.00011124083302839895*I
12.963372112708994+526.7139283552962*I,0.0009486802087925993-0.00002608281003023434*I
90.63254125147627+518.6178916440487*I,0.0009353201937372131-0.00016487442746873407*I
167.73746115156564+498.96133374124713*I,0.0009005442137059215-0.0003021709492498056*I
242.280450811902+467.63924362688493*I,0.0008440002406113065-0.0004347545915308063*I
312.2062016416346+424.79650833297995*I,0.000765998843178477-0.0005593375186426435*I
375.4153812683886+370.8570202394032*I,0.000667555162874586-0.0006724767845802394*I
429.8647702273468+306.5731925149105*I,0.0005504215713378303-0.000770651491005999*I
473.68482676275744+233.05259712421756*I,0.00041700265899458094-0.0008504283152612776*I
505.19974351463145+151.80828680331294*I,0.00027034652914457167-0.0009085127543803041*I
522.992134034151+64.77997386354882*I,0.00011407329581336067-0.0009419506928313217*I
525.9621778088856-25.688438178943965*I,-0.00004770238748455366-0.0009483497011774136*I
513.3672863995062-116.91102231808911*I,-0.000210453792023731-0.0009260757536179266*I
484.86287606756656-205.93065573235882*I,-0.0003692753107503501-0.000874424376221761*I
440.5682414087049-289.6463621677805*I,-0.0005189758589047523-0.0007937502124282982*I
381.1223164185404-364.94895033490997*I,-0.000654214062775931-0.0006855357885593748*I
307.77590761308466-428.8055168620119*I,-0.0007695644310017637-0.0005524336978739798*I
222.38681313505606-478.49977056185236*I,-0.0008599470627691677-0.000398134391232936*I
127.51238681029777-511.6112769394226*I,-0.0009206636830043798-0.00022741992343790906*I
26.306032629617373-526.2305498567033*I,-0.0009478996800186653-0.000045924320679611435*I
-77.50544933431063-520.9976592305873*I,-0.0009389295340482862+0.00013989143881451243*I
-179.78778305383958-495.23229191800255*I,-0.0008924345811627402+0.0003229278734805261*I
-276.17338423280444-449.03054698775213*I,-0.000808705414454451+0.0004956519438891623*I
-362.2663723549735-383.36054104382623*I,-0.000689750801678577+0.0006503437767769052*I
-433.8461955326904-300.1459692863728*I,-0.0005393438726085527+0.0007794051566416392*I
-487.1018644238985-202.29153805659075*I,-0.0003629439161088761+0.0008757981062599736*I
-518.826987030752-93.67820623472089*I,-0.00016760480788730126+0.0009334899553393477*I
-526.6339071990755+20.969971007015744*I,0.00003827319292766801+0.000947938424809411*I
-509.1216420015565+136.24653778379687*I,0.0002451803030759625+0.0009165088085829124*I
-466.05646202794674+246.31916084593564*I,0.0004428518960927768+0.0008388247986523378*I
-398.52099262739927+345.22612102515757*I,0.0006206953378499506+0.0007170055941790412*I
-309.01782021037445+427.24795748562326*I,0.0007684035321776598+0.0005557564037310844*I
-201.44506149934944+487.2147415865926*I,0.0008765346671589009+0.00036222068298646026*I
-81.13210531244737+520.8716898227563*I,0.0009372374894284868+0.00014597984733321118*I
45.48181760802782+525.2108957212505*I,0.0009449728743015333-0.00008152353994703816*I
171.11358489079296+498.750612184521*I,0.0008970820202866613-0.00030738729794560645*I
288.02157043562846+441.7799481710927*I,0.0007942370599014514-0.0005178273192078573*I
388.51283124402573+356.55303129499987*I,0.0006407139570960957-0.0006990009941338597*I
465.51087083467223+247.34397904254504*I,0.0004443768270562457-0.0008380170622027318*I
513.0327167752604+120.38159985085781*I,0.00021644884710510072-0.0009238490755851134*I
526.7178493843628-16.40359870804424*I,-0.000028972292774954362-0.0009484317402625697*I
504.2474595555462-153.81056470979675*I,-0.00027563165624180014-0.0009075336709768902*I
445.7535813841715-282.0033151262911*I,-0.0005061175074671657-0.0008015492345730845*I
354.00161726446674-391.17103425571116*I,-0.0007029047641071753-0.0006357754865268703*I
234.50040698712493-472.3814142428454*I,-0.0008497997976125632-0.00042047145150564115*I
95.31433244478725-518.3376404933495*I,-0.0009333466428726584-0.00017033705270979877*I
-53.26133381186503-524.1079806516079*I,-0.0009442743386288903+0.00009617255485397231*I
-199.44584440390759-487.7147784987631*I,-0.0008787529891845736+0.00035818063925771446*I
-330.8895568821795-410.54536664576153*I,-0.0007392735937541904+0.0005939012430253752*I
-435.68991283996877-297.5528250820014*I,-0.0005350221482008337+0.0007822597701926943*I
-503.63109475082547-157.1563857661228*I,-0.000281581569923589+0.000904967160499319*I
-527.2444860294295-0.845154176992857*I,-9.428385077267884*^-9+0.000948367393871296*I
-502.7642817887571+157.61756617177028*I,0.0002847765172943458+0.0009052687989744866*I
-430.76878682982573+303.29606844588534*I,0.00054605664192153+0.0007762967777272749*I
-316.4755571842819+421.5199139657281*I,0.0007578124118704678+0.0005706245551947771*I
-169.62165963612847+499.42489437364105*I,0.0008973109094464897+0.0003058403464151206*I
-3.8299236728877903+527.5469541103412*I,0.0009477774693385411+6.764075513432825*^-6*I
164.38428501592418+501.09649140541524*I,0.0009005856885770766-0.00029652017116951003*I
317.1980613472213+420.94289497137083*I,0.000757064570670722-0.0005716926165819008*I
437.3353422884742+293.9422309597592*I,0.0005292315561100743-0.0007876351697904426*I
510.0673754352499+132.66871088644592*I,0.00023947355614648843-0.0009180103457008412*I
525.2790859407316-45.62782149441922*I,-0.00008124788195601416-0.0009448507802106911*I
479.0440733348561-220.62504728403192*I,-0.0003962950925417427-0.0008612787469391691*I
374.6982385128411-371.14033403892296*I,-0.0006674271018625485-0.0006733730542243964*I
223.02730564013646-477.7620732400146*I,-0.000859613513148011-0.0004005293078746443*I
41.487541555738105-525.4569697053211*I,-0.0009457444990520953-0.00007412501883931716*I
-147.50965662473706-505.94893312323643*I,-0.0009108718188575535+0.00026554673082808107*I
-319.19961240525913-419.4478809175536*I,-0.0007552910730463021+0.0005739755655201808*I
-449.7206270213266-275.31337883021484*I,-0.0004957614192521215+0.0008083510978162898*I
-519.4568524213512-91.51503156871884*I,-0.00016461726992826178+0.0009335777238147599*I
-516.3499359262363+107.29892184886737*I,0.00019363035195535822+0.0009281409771362502*I
-438.2862690040802+292.81919856562405*I,0.0005277635946116882+0.0007882589477119283*I
-294.3025610551256+437.0667678288118*I,0.0007871821094088862+0.0005299693398820985*I
-104.0902933510501+516.6809013744976*I,0.0009298201477179129+0.00018830908927847337*I
104.28710066464751+516.987431166068*I,0.000929552438907713-0.0001865726120924046*I
298.263463492151+435.1107946344553*I,0.000781670473731484-0.000536129433481039*I
445.8402776620517+281.4937205488578*I,0.0005053319117225557-0.0008024730885726817*I
520.949553654671+79.28089076247822*I,0.00014218573162783134-0.0009381881030405832*I
508.4098637059055-138.65492683724474*I,-0.0002490180776774089-0.000915593584074607*I
407.41900239696116-334.7478320477982*I,-0.000601242747812618-0.0007332918360416248*I
232.8931771165664-473.27631749950115*I,-0.0008505475057586735-0.000418553545304522*I
14.055650890708383-527.097907807152*I,-0.0009479765251435682-0.000024475004422278812*I
-209.84601916301676-483.46352563870323*I,-0.0008701175995163817+0.0003781193335865423*I
-396.2947341636648-347.52330036984915*I,-0.000625783673074084+0.0007129779388655764*I
-507.6103615134866-142.69426860948928*I,-0.0002570245306231423+0.0009127982586188805*I
-519.1028372294861+92.6147323866494*I,0.00016672277950700474+0.0009334886359036163*I
-425.1817934793665+311.64864869318376*I,0.0005609113795329472+0.000764881851675062*I
-242.0135182987492+468.34046791824386*I,0.0008425373896042154+0.00043563653147482106*I
-5.68989058709286+527.2770861227192*I,0.0009482005917862659+0.000010352132377321063*I
234.22660309332684+472.3787393482521*I,0.0008494271381378657-0.00042170090210681867*I
424.7070263846686+312.10369622381336*I,0.000561575863724908-0.0007646489238648244*I
521.0648843452691+79.47076548068162*I,0.00014367301405775857-0.0009376989669086128*I
497.9293060430001-173.83162306089017*I,-0.0003118917466659042-0.000895321370203642*I
356.81721714798755-388.4352876542785*I,-0.0006985734764209906-0.0006408626710983821*I
127.95750284466213-511.3012640110956*I,-0.0009205547942955305-0.0002293086747937639*I
-134.91853102157225-509.31521453430724*I,-0.0009174740267758278+0.00024266532221997353*I
-366.4295572617668-379.12280511537335*I,-0.00068280109704737+0.0006581279484915514*I
-505.766633581787-150.1733459095836*I,-0.0002698016926523545+0.0009085318684297146*I
-513.3138150132422+120.55457753139925*I,0.00021813233883134002+0.0009228746957402738*I
-383.0300562887058+361.7483576137005*I,0.0006519666711678403+0.0006896960633859997*I
-146.55015268825568+506.26640980774044*I,0.0009109703624552831+0.0002649472277979119*I
133.07205617450873+510.4485034411825*I,0.0009174118998734968-0.0002384450327097275*I
377.244884993707+368.59795792419686*I,0.0006618987927498401-0.0006787296914748399*I
513.7082258294901+117.635715121367*I,0.00021101814858448347-0.0009250358637950161*I
498.5472094329336-170.8102103859224*I,-0.00030696935445280075-0.0008977723770732531*I
331.687442282591-409.95438155165346*I,-0.0007366980972302982-0.0005969617598840641*I
60.2151973846198-523.9376790435729*I,-0.0009419500834486377-0.00010795404739302501*I
-232.99904824914447-472.877756684173*I,-0.0008506167374815045+0.0004196896383995457*I
-453.6428310774128-268.4171252101841*I,-0.0004831360055265442+0.0008163673168266333*I
-526.5473072289703+26.506462166833277*I,0.00004742356569620395+0.0009472362887301965*I
-422.642638617772+315.22575574524166*I,0.0005669446561869203+0.0007602359915080708*I
-172.42994473496017+498.24906085996685*I,0.000896226981933627+0.00031013800973968427*I
140.5574964202282+508.1555452568134*I,0.00091402544181045-0.00025296635729738534*I
406.050408437756+336.2012162591477*I,0.0006047800122332222-0.000730688584304772*I
525.6411422017954+39.85132126085669*I,0.00007187468206560606-0.0009458118871546358*I
450.45814193732986-274.0252690590912*I,-0.0004926389400851-0.0008103480848611024*I
203.35569722247433-486.50356296415237*I,-0.0008749776798126739-0.00036557475548377354*I
-124.8435460472538-512.184651976307*I,-0.0009214346670809213+0.00022490691575101292*I
-406.5901224119751-335.48560731664014*I,-0.0006037674433769515+0.0007316132032669638*I
-526.764194880578-21.878171219866534*I,-0.0000396485988532371+0.0009475849624193665*I
-431.2026127764212+303.4853239665515*I,0.0005457477485785056+0.0007754985474232296*I
-153.83461699942586+504.30433705643793*I,0.0009071861988334657+0.0002764206315548091*I
191.7824147248001+490.996980243867*I,0.0008835048670416273-0.00034530004091394155*I
456.70200046213+263.2542309024581*I,0.00047402091058363016-0.0008216162300062938*I
520.6667355053783-83.57492238125845*I,-0.00014998984715225522-0.000936273391875751*I
348.8931469967533-395.36394472892823*I,-0.0007113408012692302-0.000627061558213958*I
14.16642286795623-526.8621439423366*I,-0.0009483781954370953-0.000025221852126475804*I
-330.1180387561747-410.996021536629*I,-0.0007399267316585311+0.000593498858655829*I
-518.4793799072609-96.60628030980986*I,-0.00017378548566716236+0.0009320282406659529*I
-454.2670935246798+267.74491017803183*I,0.00048222978203093077+0.0008168497822827234*I
-162.35960934698198+501.4089425104696*I,0.0009025667576168567+0.00029236149216614046*I
214.46635624216307+481.67607689610384*I,0.0008665548345178481-0.00038524997824757745*I
482.96317646258694+211.71732227058615*I,0.00038048613243891186-0.0008685306537437865*I
498.1284349229966-172.49476907714518*I,-0.00031067413526421117-0.0008962207089002312*I
244.91151981644666-466.8056998098028*I,-0.0008398649700979755-0.00044084915912294816*I
-144.86846718391925-506.956914236819*I,-0.0009119190984817742+0.00026040706809338704*I
-456.6460115658885-263.59403585680917*I,-0.00047404561599635996+0.0008213528698828763*I
-510.4049675924182+132.0170556911894*I,0.00023771762160752156+0.000918170929040383*I
-267.9096112307479+453.9817676004859*I,0.0008168856160102884+0.0004821486480757656*I
135.10340701018714+509.64712837132936*I,0.0009167668802537517-0.00024273125663130458*I
459.6774905344824+258.3080226473779*I,0.00046436786194287014-0.0008268249412147799*I
504.22440132307463-153.72362038929498*I,-0.00027676922288156114-0.0009072864869986327*I
233.51605235138967-472.6639400824477*I,-0.0008502190752831285-0.00042033642448115145*I
-188.08489417646848-492.573330018676*I,-0.0008859286903407657+0.0003383240450539242*I
-490.72518519080097-192.6974782843355*I,-0.0003466026738859174+0.0008828489770189676*I
-471.04493636072743+236.79652352874848*I,0.0004260210164189075+0.0008473521087266731*I
-133.87564111623195+509.8790128370646*I,0.0009174186762041677+0.00024089103839057928*I
297.6394357156516+435.3186182819383*I,0.0007831468054827687-0.000535117638414957*I
524.2919076372651+56.07266940999291*I,0.00010047794189900366-0.0009429598847832627*I
379.5532499466018-365.6954475384857*I,-0.0006582887930331342-0.0006831526804250884*I
-41.06692276695797-525.6815279278069*I,-0.0009454634974569486+0.00007327980866987488*I
-434.2420562915629-299.1706183858699*I,-0.0005375149935342556+0.0007811619481059418*I
-504.14328659884774+153.60077745825242*I,0.00027656739166086934+0.0009075605153421399*I
-189.35286614673947+492.1261754582381*I,0.000884817682006694+0.0003410619297056995*I
274.8306865703414+450.0043516870292*I,0.0008090266383525169-0.0004946926369568262*I
524.5834188712213+51.201128327206376*I,0.00009219779843565632-0.0009441734190098976*I
353.2479473990101-391.45611101129464*I,-0.0007038420891302644-0.0006355240869199138*I
-109.02679267169924-515.9148202602931*I,-0.000927997359255489+0.00019635250185382218*I
-483.38054318136744-210.3898753244092*I,-0.00037857090965863+0.0008696513219034793*I
-449.37925235916464+275.7089857190372*I,0.0004959893805074802+0.0008083889367799723*I
-26.561904479302665+526.538405431137*I,0.0009472323352166483+0.00004787466946824895*I
422.25350396504774+315.7448928550112*I,0.0005678635939512046-0.0007595357595848972*I
495.8379300037995-179.02038212428064*I,-0.0003222033282646185-0.0008921224117458645*I
118.25557488396696-513.7834765220432*I,-0.0009242001464792633-0.00021295671503942756*I
-371.1663382039488-374.4925621126217*I,-0.0006734520312288264+0.0006676661950624442*I
-513.6182384240723+118.66407093125497*I,0.00021362848140115017+0.000924167073761181*I
-164.36591866903643+500.94080300878386*I,0.0009010679098302776+0.0002959316632154212*I
347.2392046230004+396.79374354467757*I,0.0007135318430341066-0.0006246331255798395*I
517.2440707911427-101.64764655226887*I,-0.00018301408935647196-0.0009307405178916111*I
166.25342515208212-500.33449973822263*I,-0.0008999148667465735-0.0002993240286318795*I
-357.29884671036456-387.73425937364857*I,-0.0006972419640538171+0.0006428048000163152*I
-510.81840359901076+130.1752282773877*I,0.00023424977165277964+0.0009191694729560131*I
-123.00626201472689+512.6915919327064*I,0.000922160435765886+0.00022143883711738416*I
399.6229087795705+343.9243613978971*I,0.0006185061174625742-0.0007189251186147423*I
486.4574470558646-203.1049930349903*I,-0.0003654700300810622-0.0008752940674994696*I
30.988885725405982-526.3341340707841*I,-0.0009467162192403197-0.00005593525492534598*I
-461.90127431115826-254.1989379710088*I,-0.00045705332632956197+0.0008309950975946853*I
-424.6165260214465+312.4042827479188*I,0.0005620057690675382+0.0007640987394440369*I
110.5293443986279+515.5518229004463*I,0.0009272580633551399-0.00019878968646949783*I
516.5945804537006+105.43333342318111*I,0.00018962302947545366-0.0009294479824384275*I
298.9633815885183-434.25837741528125*I,-0.0007811637704726453-0.0005378230002851131*I
-287.5891574198689-441.84900182185305*I,-0.0007949349744983809+0.0005173373018870637*I
-517.0662849443082+103.14082171111038*I,0.0001856043161254121+0.000930013113182864*I
-90.27257562406993+519.3565509313938*I,0.0009345424989888497+0.00016246167378311475*I
454.9331215369572+266.5935986585214*I,0.00047954496811894904-0.000818093732283444*I
405.3310619522147-337.04354996151505*I,-0.0006066530384561748-0.0007291675421804802*I
-184.90364982524756-493.7405113022632*I,-0.0008882699617064047+0.0003323243235856157*I
-526.9401862215037+17.767912134157765*I,0.000032211341036181365+0.0009478299864454398*I
-145.18689513382327+506.77356862548237*I,0.0009118061070319439+0.00026134581953397433*I
440.8907522803486+289.1699056474023*I,0.0005201335395129046-0.000792974105919976*I
403.0896108446662-339.7702129664924*I,-0.0006113921561055657-0.0007251225839937569*I
-216.10822693408076-480.88347223933926*I,-0.0008651567754795718+0.00038862695045209836*I
-520.8478634543649+81.80665519296228*I,0.00014726915256794846+0.0009368855974216575*I
-52.003591714108545+524.7227094112282*I,0.0009440258721042196+0.00009360847710632655*I
496.80913475629546+176.47012578087785*I,0.0003174532920447491-0.0008937061676785335*I
285.33976129259474-443.33934855810725*I,-0.0007975069174054448-0.000513274335385295*I
-370.9362162937626-374.5968571640595*I,-0.000673952219455689+0.0006674032502099939*I
-442.6575551157856+286.45348438365346*I,0.0005151508408802111+0.0007962295430461838*I
195.70694878468274+489.4952905602024*I,0.0008806652308959492-0.00035226508739136914*I
516.8274519078401-104.26573002676665*I,-0.00018736514366991602-0.000929681766099299*I
-15.785453958941426-526.9666718569063*I,-0.0009480121479599386+0.00002858054657307914*I
-523.0070760005708-66.35534114190241*I,-0.00011951407558251186+0.0009408893845722552*I
-439.34389791196537+291.48112846396737*I,0.000524238384396394+0.0007903092011508655*I
-140.58654978562504+508.1502048672914*I,0.0009140605699053606+0.00025281220730861135*I
228.58127134340796+475.0702191102089*I,0.0008546083511014421-0.00041132714957108844*I
485.43026415023695+205.60865491307513*I,0.00036992765939516557-0.000873383365293176*I
499.7295491177796-167.95845400334133*I,-0.00030203729678066857-0.0008990643733953147*I
261.30600090462116-457.9535247547257*I,-0.0008236948610901907-0.0004700715941430696*I
-111.31894800370745-515.3509256320324*I,-0.0009269793912178997+0.0002003505795675384*I
-427.99920073910357-307.79559755461133*I,-0.0005536804991208968+0.000770092468572662*I
-523.7280927194461+60.25189547491615*I,0.00010832343206683461+0.0009422872115946254*I
-345.6928339001743+398.0779022955504*I,0.0007159976624951306+0.0006219368362869888*I
15.45493017098732+527.019850008352*I,0.0009479630916710756-0.000027838897398306395*I
369.6652581888251+375.8879148910803*I,0.0006761414395330765-0.0006651033500356135*I
526.7059428516275+22.430163484885988*I,0.00004035952993330685-0.0009476154131397417*I
399.23912599652573-344.4530155641555*I,-0.0006195995270036837-0.0007182696540481773*I
53.195148404317486-524.5356698663821*I,-0.0009435558377928291-0.00009570562928548245*I
-323.29074554046946-416.4635623774808*I,-0.0007491631556987442+0.0005815973283809147*I
-521.5939387473353-76.75926510982701*I,-0.00013806710185784103+0.0009383278783018532*I
-428.5201962917799+307.107106649664*I,0.000552503708712195+0.0007708839222762363*I
-93.11832652050698+518.9056065005765*I,0.000933545319791735+0.00016753774961609846*I
296.50114052978387+435.9371905831598*I,0.0007842791065244748-0.0005333085103745915*I
517.2201763670034+102.3407701443613*I,0.00018407862371031097-0.0009303279408297653*I
439.178944035719-291.67422439858086*I,-0.0005248429726646392-0.0007899744394515668*I
104.38406409867527-516.7208023528398*I,-0.0009297396607378623-0.0001878237309549754*I
-293.0517983766313-438.26357945622004*I,-0.0007885220733202067+0.0005270061561099883*I
-517.8445497632615-99.27956476993849*I,-0.00017853614437882647+0.0009313641111986197*I
-433.30598543786147+300.31264416763383*I,0.0005404527314242533+0.000779396917746416*I
-86.83366945077574+519.9500113984838*I,0.000935572563988013+0.00015629166174191671*I
313.69502214500415+423.7510012710118*I,0.0007623821865092725-0.0005641279502217023*I
522.980164243945+67.04519385681577*I,0.00012052804048776984-0.0009406509616195487*I
409.20424864623254-332.3953132328127*I,-0.0005981128159331-0.0007360943145529794*I
39.60120287312316-525.6915596598169*I,-0.0009458013262890376-0.00007129825002871673*I
-356.1612988651819-388.7270268253904*I,-0.0006993312703514323+0.0006406373948030878*I
-527.2162749349956-4.546281070469328*I,-8.168034816741496*^-6+0.0009483854681237858*I
-361.4262705439065+383.8333833849722*I,0.0006905098589017616+0.0006501552531026285*I
38.122906367358475+525.825000424798*I,0.0009459526332003506-0.00006862155577522007*I
414.1944133217123+326.1533341792727*I,0.0005867832438915092-0.0007451524753321703*I
519.7916013375991-88.16715272785169*I,-0.00015853645099282086-0.0009350778440866039*I
281.90564255601845-445.5365274905034*I,-0.000801444370609191-0.0005070810757456986*I
-144.78210692820238-506.9373309175232*I,-0.0009119510198560993+0.00026053117512778184*I
-475.51126694491467-227.64424151173637*I,-0.00040955891652630784+0.0008554798998575408*I
-484.9128767142952+206.90735966147588*I,0.0003721620855674277+0.0008723620957521756*I
-162.85510135159177+501.44401683140165*I,0.0009020156552713608+0.0002929690571952167*I
272.4954864311527+451.341224929566*I,0.0008118816628703071-0.0004902372156571379*I
519.888518730193+87.44979576619141*I,0.0001572771155419395-0.0009353278460124729*I
403.8385209686986-338.8910892348372*I,-0.0006096325686760766-0.000726584672983757*I
2.1618876601312413-527.2299248034537*I,-0.0009483735090684655-3.956809239771621*^-6*I
-402.35312822700854-340.7129670456924*I,-0.0006128078826075624+0.0007238300806490503*I
-519.2649828839566+91.01671305143985*I,0.00016381064221922967+0.000934230721194682*I
-260.6883597715607+458.2320713895606*I,0.000824327181257907+0.0004690857382323533*I
188.95869333195807+492.21687168547317*I,0.0008853922106835751-0.00033985258289296835*I
501.00647875761797+164.17778838828914*I,0.0002952430265556118-0.0009012848709705446*I
442.43950849781-286.654976307951*I,-0.0005157601241727243-0.0007959881018186506*I
52.856253033418355-524.5452987271617*I,-0.0009436612065772446-0.00009518005210876008*I
-377.82274095589145-367.8490598858408*I,-0.0006617067893271939+0.0006795946295375456*I
-522.6875245982474+68.99029942059714*I,0.0001242002594859914+0.0009402456540328522*I
-267.5900445149297+454.2208562333327*I,0.0008172205278678322+0.0004814101625818619*I
194.96760106058395+489.83365083927464*I,0.0008812370055977767-0.0003506535749846243*I
507.1381494060271+144.17906029842328*I,0.00025934800287456475-0.0009122340850476118*I
422.2374178122949-315.6964035332218*I,-0.0005679893787239987-0.0007595497500572918*I
3.0119900150265257-527.1861232313245*I,-0.0009484417697789053-5.4318034213151495*^-6*I
-419.88550744032995-318.8306917216927*I,-0.0005735890204820279+0.0007553247443627735*I
-506.45576509266016+146.49901682164662*I,0.0002635356697159528+0.0009110668629937918*I
-182.8275568078708+494.5012887111921*I,0.0008895773759553243+0.00032887386620430135*I
291.12490546985464+439.5371458639457*I,0.0007907080923936555-0.000523759637721893*I
526.7210532582372+22.42843806222237*I,0.00004037791825922939-0.0009475925302130823*I
325.7597483626733-414.54079992924443*I,-0.0007456753212406341-0.0005860456768641671*I
-148.3833577530527-505.9168087410829*I,-0.0009100503284087605+0.0002669729354706867*I
-498.7436740914131-170.83226374541482*I,-0.00030729012844426417+0.0008973079895561851*I
-426.07587094860463+310.48102918957073*I,0.0005584943259827801+0.0007665864053263327*I
11.95720705643443+527.1074356908772*I,0.0009481335783386404-0.00002147790599826577*I
440.91964587576973+289.03745386470865*I,0.0005198622175267212-0.0007932585278282737*I
487.1998223046058-201.38152420886462*I,-0.00036229909486241134-0.0008765734673122453*I
106.03079615801998-516.4535227542904*I,-0.0009290026675293372-0.0001908395240508525*I
-370.0216783822705-375.5796911902393*I,-0.0006755389018344405+0.0006656484487385031*I
-517.5088114142499+100.55357479555302*I,0.00018096173582971+0.0009310493073962183*I
-200.3486119422106+487.6502314688646*I,0.0008772573597891978+0.000360503545293423*I
299.16700973647863+434.1280525483168*I,0.0007809280088200385-0.0005381437289940915*I
526.9717160797695-15.868507011043189*I,-0.000028597079466394007-0.0009479982719528576*I
270.5295576319283-452.4977801151438*I,-0.0008140565632228925-0.0004866893787724103*I
-237.49707722169845-470.6850173474189*I,-0.0008467620845300722+0.0004272246610546916*I
-524.9392065155664-48.982882463029654*I,-0.0000881298683161805+0.0009443146352686141*I
-318.67576022458434+420.00309248306866*I,0.0007555721752665083+0.0005732460352960135*I
190.6850309385628+491.5059031330726*I,0.000884230810777897-0.00034307042029940835*I
518.9562582395546+92.90324656423368*I,0.00016718599951620925-0.0009335884378850278*I
347.66694175904485-396.3557285721335*I,-0.0007129749812490506-0.0006253996642893787*I
-161.95199296974602-501.71649404991734*I,-0.0009025584187475323+0.00029141593967512986*I
-514.2784584502831-115.96049517076884*I,-0.00020865507405961687+0.0009252227565422216*I
-359.899564756383+385.2751975203296*I,0.0006930236334840168+0.0006474495632473805*I
152.9015325889955+504.5624454821101*I,0.0009076379232947075-0.0002751055215892219*I
513.7407263316778+118.3485074697488*I,0.00021289320658765982-0.0009242557940192906*I
356.4798275517629-388.41956490078314*I,-0.0006987302110594654-0.0006413445736821768*I
-164.12371034605016-501.03374719305043*I,-0.0009012881334950826+0.0002952169259867963*I
-517.660907367637-99.90070734823496*I,-0.00017964289128519605+0.0009312596795721206*I
-336.87327112919445+405.51169046121964*I,0.0007295518315434211+0.0006060928358597419*I
195.36055934071325+489.6957724955386*I,0.0008809172896392969-0.00035135188131097094*I
523.8038407096108+59.94702488239008*I,0.00010774866730258297-0.0009422676850291867*I
298.87010368244785-434.28286699991094*I,-0.0007813343565473773-0.0005377095462829723*I
-245.24636200544742-466.70899902526224*I,-0.0008395893374641176+0.00044110922236147675*I
-527.2146391833653+2.1818760542353357*I,3.974283362092992*^-6+0.0009484066479917159*I
-239.13919722415034+469.84479160225754*I,0.0008452643925099474+0.00043021367472525596*I
310.47707498018593+426.09344369865886*I,0.0007665321654495041-0.0005585290538397569*I
520.128891828846-86.12105445879135*I,-0.00015491085233924749-0.0009356961478541641*I
154.21887471117935-504.1583517387669*I,-0.0009069296780885572-0.0002774145028257253*I
-384.6669339066423-360.6046548663708*I,-0.0006487075167735791+0.0006920517521036988*I
-492.22112265794624+188.84394874065092*I,0.00033968196153366973+0.0008855294724534504*I
-42.33368547085523+525.5269480948795*I,0.0009453401765689661+0.0000761531030530948*I
456.9052525325103+263.02712978841646*I,0.0004731342999473538-0.0008220047685777741*I
431.69940363761117-302.60916708764086*I,-0.0005443761011238754-0.0007766774768449273*I
-93.89450288628407-518.7987962846718*I,-0.0009332444816526201+0.0001688685167992216*I
-511.01796562355815-129.66692785054167*I,-0.00023319264156097512+0.0009193136702116082*I
-327.8247153910513+412.8714293764941*I,0.0007427799531595784+0.0005898091323584731*I
244.36606080972103+467.1728875875953*I,0.0008404018359145842-0.00043953465370975825*I
525.9609716035754-36.34130118842312*I,-0.00006544250944629959-0.000946160426414132*I
175.29426378512292-497.19701415571177*I,-0.0008944923424874995-0.00031537914334037767*I
-388.6185693888044-356.27923002563165*I,-0.0006409434753464168+0.0006990598326764742*I
-479.08534841756386+220.07710924765053*I,0.0003959326482623857+0.0008618224139029146*I
19.746321045127456+526.8314468398418*I,0.0009477802012253618-0.0000355339782974414*I
495.1172845746658+181.12820725333734*I,0.0003258695886203788-0.0008906942454390086*I
353.1192465015372-391.489839999475*I,-0.0007042528136120398-0.0006352331423134997*I
-233.43570275041156-472.7125408535726*I,-0.0008503802258242946+0.0004199735623904103*I
-525.2703580132961+45.062578377962154*I,0.0000810521952896439+0.0009449797778651786*I
-146.96590406350035+506.3234135342133*I,0.0009108168380971089+0.00026440386608280765*I
421.13584203820244+317.1815335639981*I,0.000570556045944179-0.0007576274564290174*I
444.5992686680917-283.319784408322*I,-0.0005096973209763257-0.0007998614714980874*I
-112.26123803374526-515.1284307339506*I,-0.0009266797041282694+0.00020191323639868255*I
-522.5543506917587-69.9893547886848*I,-0.00012586740409339594+0.0009400372688612975*I
-241.4160403300809+468.67414342496795*I,0.0008431758035794974+0.00043431290329133524*I
362.37371948836346+382.9355814089306*I,0.0006889139708706208-0.0006518482441515189*I
480.1881154710508-217.6763085578483*I,-0.0003916153328257825-0.000863784336042718*I
-51.934743389511326-524.6284466083334*I,-0.00094385126416119+0.00009344591827660852*I
-514.1595729901923-116.60911203408405*I,-0.0002098261878758752+0.0009249148100459153*I
-270.8553178782466+452.3248630969198*I,0.0008137199313861579+0.0004871992473304049*I
347.6561779771516+396.32214297956625*I,0.0007130138574616023-0.0006254504611855027*I
482.64184696961627-212.16789557018552*I,-0.00038164257694748676-0.000868242352720309*I
-59.731179462897245-523.8187832746519*I,-0.0009423206459797509+0.00010748303724341929*I
-518.5232341816009-95.28010918486649*I,-0.00017141151299231692+0.0009328235850955782*I
-239.53940509655237+469.649301565102*I,0.0008448793302438786+0.00043093469930669995*I
383.5153857249653+361.7597071054292*I,0.0006507838773538445-0.0006899123662224396*I
453.43086609272063-268.97772127821503*I,-0.00048391562343188746-0.0008156960197180834*I
-136.3931032596343-509.25249556876656*I,-0.0009161670597038522+0.00024533809652685866*I
-527.2146162942365-3.506901073538116*I,-6.305170612004281*^-6+0.0009483848346118969*I
-140.3913059259883+508.1604699263196*I,0.000914217121559818+0.0002525303920785147*I
455.7016492041331+265.11281809259054*I,0.00047698127355973006-0.0008197647812431175*I
370.3523666502224-375.23443531400505*I,-0.000675026665398794-0.0006661985019511821*I
-273.5644002847978-450.66500434985494*I,-0.0008107633489821885+0.0004921692368924178*I
-502.92119333509504+158.18942070567132*I,0.00028453444473147547+0.0009047403518239184*I
36.56179067496771+525.947931753678*I,0.0009461341563147739-0.00006580190509400439*I
520.4397022805462+84.1511683919217*I,0.00015138623423966113-0.000936293175177945*I
197.7138480681884-488.7365702509447*I,-0.0008791945310971431-0.0003557043131788305*I
-434.24919282310765-298.9690924741293*I,-0.0005378040862472319+0.000781203206363901*I
-383.95301563368423+361.27708852353686*I,0.0006499456385870346+0.0006907405356486429*I
274.57973851261585+450.0663965829806*I,0.0008096564130092151-0.0004939328150435348*I
495.9228237390421-178.92680389840027*I,-0.00032190128167623147-0.0008921291357854076*I
-79.0190034356231-521.2462231102577*I,-0.0009377316366288454+0.0001421557335874174*I
-526.7994769605816-20.88474498077198*I,-0.000037592151318401076+0.0009476827194082168*I
-117.10462218109566+514.0444099825098*I,0.000924739808644618+0.0002106425531788691*I
485.05734337257076+206.54121736376453*I,0.00037157231503562126-0.0008726354205254891*I
286.86004287185744-442.3441712544559*I,-0.0007957242503314121-0.0005160674055358939*I
-388.49989413864597-356.3979529704331*I,-0.0006411094252035137+0.0006989274349642663*I
-414.0853413391675+326.3034464373749*I,0.0005870076021688884+0.0007449783283812874*I
258.32827256490964+459.59559390784864*I,0.0008267556368651695-0.0004647001331432095*I
492.9077582569403-187.03671358620116*I,-0.0003365143026861469-0.0008867460565296336*I
-114.64644553155583-514.5933335013586*I,-0.0009257463468070272+0.0002062065505757551*I
-525.4600233280681+42.96713352063916*I,0.00007731848343684329+0.0009452598897874255*I
-26.363272366220006+526.5385268891505*I,0.0009472579389186139+0.000047425944774200606*I
519.1005357592073+92.13422654740273*I,0.00016576389559427943-0.0009338284582063963*I
153.46082284079353-504.3795943369867*I,-0.0009073646429172721-0.00027605267850123105*I
-483.7215215792343-209.66198374561057*I,-0.0003771822639242338+0.0008702142712195539*I
-260.4066049756999+458.40749974878037*I,0.0008246492586191771+0.00046847697969421486*I
429.64585586900097+305.54743164663927*I,0.0005496436812873551-0.0007729192974654916*I
345.0995054204115-398.5537696120688*I,-0.0007170100619132534-0.0006208535157014027*I
-366.1797351216107-379.30720064939686*I,-0.0006823470278538739+0.0006587062963487944*I
-408.4367428171638+333.35078249170573*I,0.0005997346991724059+0.0007347604806139734*I
300.92400906542446+432.8916580468732*I,0.0007787866094541125-0.0005413187922220107*I
453.14168606171654-269.48104851695456*I,-0.00048480225715164725-0.0008151541959398635*I
-239.60616282910124-469.605239026347*I,-0.0008448359770558143+0.0004310550607530823*I
-482.8223745153859+211.74976249684428*I,0.0003809072653086929+0.0008685743166191895*I
186.22770326993773+493.2241442976992*I,0.0008872849667582084-0.0003350441762012357*I
501.25376466353197-163.36595991662568*I,-0.0002938776150176795-0.0009017699548109936*I
-143.3393452130694-507.35900959990823*I,-0.0009126951745987715+0.00025785973584998044*I
-511.8467146134253+126.31789966260898*I,0.00022725969498869642+0.0009208186285623667*I
112.43650242533963+515.0817434079476*I,0.0009266160347865777-0.00020225094820741494*I
517.299654771257-101.75007827027939*I,-0.00018305513387126976-0.0009305968037006119*I
-94.33696371103893-518.6928629869019*I,-0.0009331313166723586+0.00016971740395119606*I
-519.4292496046322+90.25991426770706*I,0.0001623523313222944+0.0009344324119549134*I
89.48238261289151+519.5593985031136*I,0.0009346645328844986-0.00016100544129419556*I
519.0954221393922-92.09910698029553*I,-0.0001656620562947542-0.000933867602779518*I
-98.04725130544911-518.0218955336386*I,-0.0009318698589521925+0.00017638933443775597*I
-516.1556195009383+107.34873145617826*I,0.00019313285626484884+0.000928588117882949*I
119.98128083350775+513.3816557099752*I,0.0009235375022884583-0.00021581372406758782*I
509.3981360979505-135.8638023064253*I,-0.00024444854844137654-0.0009163993506311282*I
-154.9634387807051-503.9191154222263*I,-0.0009065504700137692+0.0002787513683695341*I
-496.5771015102805+177.09955468829747*I,0.00031860620432864+0.000893311089851238*I
202.13545248653497+486.9145300404236*I,0.0008759626897752838-0.00036364388364835655*I
474.4921108318957-229.81178014499932*I,-0.0004134113654267792-0.0008535979008086534*I
-259.78901289952415-458.75996228742633*I,-0.0008252863053947507+0.00046736570984454173*I
-439.18451640829437+291.6510458897143*I,0.0005246743984902971+0.0007901038786372156*I
324.8515352389179+415.24516661653365*I,0.0007469966701253609-0.0005843844868568716*I
386.36510626025637-358.6968131894201*I,-0.0006453144015127821-0.000695071002074035*I
-392.41015541109255-352.09051465974414*I,-0.0006334103910817329+0.0007059087812822093*I
-312.0117099977668+424.9670337220936*I,0.0007645254452915975+0.0005612800304268184*I
455.28956475938537+265.81397218805125*I,0.00047822239960195297-0.0008190529448060756*I
213.4230675276308-482.08473144063754*I,-0.0008672463218395714-0.00038391798532055497*I
-503.93173208957336-154.88884226859642*I,-0.00027865481439500643+0.0009065865234910735*I
-90.59142399201977+519.3747620694132*I,0.0009343192950111429+0.00016297459148193112*I
526.7741884886108+21.235755541311093*I,0.00003818762728859089-0.0009476717544248067*I
-52.1679600726168-524.6206745897214*I,-0.0009437790508569977+0.00009382956077615031*I
-511.47192063682394+128.09924842681394*I,0.00023046250534688716+0.0009201177762053044*I
204.7590462305976+485.81933554783626*I,0.0008739940124298502-0.0003683540223238657*I
446.88085658396506-279.73737386369044*I,-0.0005032326139681065-0.0008039187596579856*I
-350.30729266486685-393.993555699667*I,-0.0007087855621986304+0.000630212840592698*I
-327.15561240203084+413.4218905496885*I,0.0007437210934118869+0.0005885621671526498*I
465.72957629310264+247.07542255140189*I,0.00044445624600570645-0.0008378464769642118*I
155.23857610219827-503.8305121157596*I,-0.0009063865189440339-0.0002793031880274174*I
-524.425880772584-54.15325203878291*I,-0.00009739341112977734+0.0009434143081659156*I
52.808879503622734+524.5503002766402*I,0.0009436809251227332-0.00009498661717157466*I
501.96135101826684-161.21331986098*I,-0.00029002125798482844-0.000902995736490784*I
-265.8245644967206-455.28432055036427*I,-0.0008190623363719872+0.0004782228075886524*I
-384.5184740393405+360.6898983576087*I,0.0006488612604804142+0.0006917403673539294*I
439.5103315464497+291.16724344562255*I,0.0005237942499447968-0.00079068042113907*I
178.53197820743165-496.0581054854023*I,-0.000892400073137141-0.00032119212684593494*I
-524.6564828772033-51.85099903274368*I,-0.0000932647023944892+0.000943836427329353*I
81.8373626704589+520.8124445228711*I,0.0009369510370919086-0.00014721829285031546*I
481.9002611685896-213.83361096561595*I,-0.0003846766487820426-0.0008669115738744294*I
-334.3041599197679-407.65588496009764*I,-0.0007333774830666394+0.000601424715905298*I
-300.8273902584834+432.9620873181544*I,0.0007788688417506306+0.0005411842270689576*I
499.93825598051683+167.3602363439044*I,0.00030106495544995557-0.0008994018792138033*I
16.504352020460296-526.9530457346809*I,-0.0009479666324621467-0.00002971289477251241*I
-508.3929558914885+139.57692090504878*I,0.00025111968938978284+0.000914593105032773*I
286.631421218057+442.4795687584855*I,0.0007960217861787044-0.0005156281532148303*I
332.13645675202423-409.4478280389788*I,-0.0007365971731575096-0.0005974945570872125*I
-493.51989859751757-185.4192310069137*I,-0.00033357929383028565+0.0008878386127302768*I
-15.601012512564136+526.9795567564528*I,0.0009480175667936439+0.000028060088406900096*I
502.4120142980923-159.7735891778029*I,-0.00028743495280331-0.0009038432742604621*I
-320.366233829787-418.70954562010445*I,-0.0007532464765914526+0.0005763197058615665*I
-282.15310529392+445.3456203498073*I,0.0008011907226955126+0.0005075854958641657*I
516.280277811804+106.79209390230889*I,0.0001921317618559409-0.0009287612576980496*I
-86.38479299367528-520.0789869092157*I,-0.0009356281546781428+0.0001554265944226592*I
-451.9184303699588+271.51569259083936*I,0.0004884298041036237+0.0008129917991852884*I
421.1270448540739+317.1704575278217*I,0.0005705791028778326-0.0007576207319088572*I
132.12681076283215-510.38438901511915*I,-0.0009181652600841602-0.0002377069490907557*I
-521.5376467975326+77.10571178116473*I,0.00013872536773180266+0.000938238661641184*I
277.74558580915397+448.1100306289041*I,0.0008061538032753595-0.0004996523859222531*I
297.63157590642913-435.1604806008792*I,-0.0007828484753536574-0.0005354222739994534*I
-519.1410271790027-92.25206065708436*I,-0.00016597154135955563+0.0009339370154303286*I
133.6704473084222+509.9835930332988*I,0.0009174400319123147-0.00024047575702798525*I
404.39140303767374-338.2481987942693*I,-0.0006085096732344764-0.0007275108494219884*I
-480.1118232520348-217.82019784963546*I,-0.0003918454177823704+0.0008637021633391151*I
16.10085224403313+526.9559994793053*I,0.0009480067636144683-0.000028963095723886642*I
463.88473907632977-250.53886811870476*I,-0.0004507093264492051-0.0008345045199019456*I
-434.2869089105956-298.8914210209555*I,-0.000537717394824708+0.0007812923813508638*I
-64.01887148410573+523.3105168773399*I,0.0009414127596523857+0.00011516182035326*I
491.9818905646379-189.46447152667366*I,-0.0003408450965140396-0.0008850852758828454*I
-401.3412729948155-341.8769553900665*I,-0.0006150259789246999+0.0007220026941973046*I
-104.55673370732124+516.7321401077426*I,0.0009296045956160416+0.0001880945630126405*I
501.3248852799903-163.16578903703822*I,-0.000293523264623298-0.0009018728927118365*I
-391.63790325396354-352.93664903117445*I,-0.0006349299156122141+0.0007045686385602529*I
-105.96098661178138+516.4533732385157*I,0.0009290794188232414+0.00019063045532891092*I
497.5189705528489-174.4084083054513*I,-0.00031377347733662893-0.0008950437980011667*I
-408.0837216785508-333.7971366056984*I,-0.0006004944611178133+0.0007341213877924004*I
-67.85869262335031+522.817472188971*I,0.0009405616831940185+0.00012207330128351771*I
477.9308102481014-222.6458858126097*I,-0.00040052830199606784-0.0008597817652820506*I
-446.3476262520607-280.5611447028443*I,-0.0005047319901479229+0.0008029886928284107*I
11.10994561749615+527.1208136327961*I,0.0009482755805451034-0.000019983393017664594*I
431.51965879843425-302.87740257713165*I,-0.0005448833365975244-0.0007763069176963694*I
-493.54856987577944-185.3550644407045*I,-0.00033345378554810827+0.0008878797350801656*I
129.9249559592415+510.9424832487973*I,0.0009191911109365921-0.00023374233266218862*I
341.5579236224464-401.6114708015592*I,-0.0007224840551234325-0.0006144576790979107*I
-525.5566438267551-41.622139079094914*I,-0.0000748733968467707+0.0009454870900635151*I
278.05258915232594+447.9271828520691*I,0.0008058074611913529-0.0005002032024663236*I
191.5643245586507-491.1659884393225*I,-0.0008836219159325706-0.00034462952346076166*I
-506.62295874856164+145.88480231008015*I,0.0002624467337433653+0.0009113948311401747*I
426.22523527155914+310.28191457156186*I,0.0005582096419166942-0.0007667817375311772*I
-21.51368981865558-526.768926236395*I,-0.000947647650239057+0.00003871001477759507*I
-396.3979989869456+347.5850418962513*I,0.0006253051165311994+0.0007131260620470912*I
520.2302425045127+85.49593379540148*I,0.00015380226501724044-0.0009358844658486043*I
-268.42141142429676-453.7543250732869*I,-0.0008163146728669654+0.0004828897005753053*I
-171.07606816828064+498.6815216647441*I,0.0008971202198377385+0.000307752708846517*I
488.65897737330425-197.8807794319013*I,-0.0003559774904833041-0.0008791074304875751*I
-472.0121179398605-234.84634166824534*I,-0.000422474064836023+0.0008491525183377005*I
141.56294392211024+507.8443026985548*I,0.0009136134942847435-0.0002546576237942612*I
278.3587549390678-447.7287188968488*I,-0.000805473975822584-0.0005007588844146467*I
-517.140702457529+102.535146344349*I,0.00018444955282614618+0.0009303297512420045*I
430.95481749875+303.67859036433924*I,0.0005463172041505719-0.0007752978956590328*I
-82.2575337161961-520.7482576199066*I,-0.0009368183381968129+0.0001479759709992868*I
-312.4115893629488+424.6671616985161*I,0.0007639842248810541+0.0005620300698233875*I
520.9753896849104-81.33957425481809*I,-0.0001463252556847319-0.0009372261684984661*I
-429.9371806851364-305.1175785872609*I,-0.000548912530132697+0.0007734673160407304*I
100.02247450300486+517.634708457765*I,0.0009312110042424481-0.00017994227916216774*I
281.0972158992776-446.01414668904687*I,-0.0008023827288554952-0.0005057086926832919*I
-508.8488769808795+137.92101955648764*I,0.0002481321750321149+0.0009154125305857239*I
470.1588677600871+238.53299607836155*I,0.00042913081730938223-0.0008458089491981342*I
-193.91104072264054-490.2473929521907*I,-0.000881957835306289+0.0003488558945291514*I
-174.98281820390739+497.3255329317036*I,0.0008946827274393835+0.00031479778630329235*I
455.6478575205464-265.19516944170806*I,-0.00047709397974617714-0.0008197135940338514*I
-519.7349061710069-88.45034016624452*I,-0.00015912575723890947+0.0009349951857216177*I
346.15509396919947+397.6428343234843*I,0.000715369323002572-0.0006227420190266685*I
-21.133869499237477-526.7861770014299*I,-0.0009476791824149488+0.000038025467086341904*I
-309.0164688020983+427.14889408066676*I,0.0007684417412095283+0.0005559333565994015*I
505.5038076849517-149.704547632248*I,-0.00026932966810360674-0.0009093985344952491*I
-493.6433167643811-185.11298851012123*I,-0.00033302779342996925+0.0008880583378891439*I
286.811994377428+442.3594229773712*I,0.0007958110308527541-0.0005159861307634624*I
27.208093929632422-526.5044348897188*I,-0.0009471755043478436-0.00004894755653662265*I
-326.76823624799283+413.7229610874159*I,0.000744294172455236+0.0005878627075495454*I
504.3690188512532-153.48977374395693*I,-0.00027612911681723146-0.0009073550972276867*I
-503.43766838285865-156.5037250082537*I,-0.00028155978592301755+0.0009056921168370301*I
332.58789474565697+409.0599206079991*I,0.0007358924428558339-0.0005983355055582067*I
-55.80184411789608-524.2426389037436*I,-0.0009431107419034403+0.00010037653363287492*I
-234.23871035571977+472.306871034943*I,0.0008496950115258737+0.0004213985875792455*I
448.3115410765749-277.4209000371222*I,-0.0004990798924113039-0.0008065058652215181*I
-527.1858983525296+4.291808179292501*I,7.714532875651768*^-6+0.0009484168648770237*I
455.52026070911154+265.4244206563127*I,0.00047749368237887796-0.0008194864744984461*I
-260.93794651347207-458.10273862048723*I,-0.0008241334772712217+0.000469422791659342*I
1.4160066362172534+527.2017489163829*I,0.0009484453979341044-2.5541908332775534*^-6*I
253.6816163639735-462.1613093174163*I,-0.0008314231302689805-0.00045637381846927905*I
-442.55919042544286+286.4990385572282*I,0.0005154165651782487+0.0007961779077764934*I
525.0374905900734-47.76450883408772*I,-0.00008593756754127-0.0009445417157918258*I
-489.08828099696456-196.81154398103294*I,-0.0003540744217822239+0.0008798683492235868*I
349.7917946312241+394.44561615717004*I,0.0007096149821576582-0.0006292884130771274*I
-142.29761578986034-507.63957188602325*I,-0.0009132408573834988+0.0002559946830644603*I
-88.2822416049442+519.7601389966173*I,0.0009350576542676669+0.0001588259407726113*I
297.31420127484967-435.37244141388857*I,-0.0007832411335188383-0.000534865741225703*I
-449.0547541647009+276.21374083469874*I,0.0004969043744080697+0.0008078580315099138*I
521.8967424198269-74.60196972579043*I,-0.00013421654688908305-0.0009389061255433213*I
-509.93354087240056-133.85065635276166*I,-0.0002407929679538782+0.0009173680194643149*I
421.42725051761124+316.76910166839525*I,0.000569880998075093-0.0007581497517602388*I
-275.2110478015604-449.6696664885677*I,-0.0008089614495012516+0.0004951167135601077*I
95.99165796011259+518.3927645039682*I,0.0009325892083081473-0.00017268658629983043*I
90.27304446441617-519.4160614163583*I,-0.0009344426911640957-0.0001624063151432747*I
-260.2582143529636+458.4865917378732*I,0.000824824350410991+0.0004682018741439393*I
395.89401741664614-348.1544187143659*I,-0.0006263291946511005-0.0007122226924594701*I
-485.75116708015855+204.90855820403158*I,0.000368640518453664+0.0008738779114920108*I
525.1589747396526-46.418547221552615*I,-0.00008350974743289534-0.000944760172385174*I
-515.4287014849391-110.79423956853778*I,-0.00019933015212930818+0.0009272648386041041*I
462.54818842267787+252.96387657532765*I,0.0004550834631368238-0.0008321403242501071*I
-375.56087825167384-370.00078635659*I,-0.0006656313363259503+0.0006756358415658764*I
264.97497282961973+455.7728645666223*I,0.0008199483524091956-0.0004766915905894323*I
-141.47738815238037-507.86521525120526*I,-0.0009136573519751381+0.0002545253748361229*I
14.8168727134122+526.9968155377762*I,0.0009480722366637511-0.00002665088538156642*I
106.9202184362246-516.3307707931316*I,-0.0009288961576811013-0.00019235490564514882*I
-217.3150947261772+480.33125647112684*I,0.0008641266183633206+0.00039094527030090836*I
312.3751100256095-424.69383118239523*I,-0.0007640240209626051-0.0005619693853885435*I
-389.73417988502064+355.032237052069*I,0.0006387129690536229+0.000701146324865794*I
448.7365256459028-276.72818284827474*I,-0.0004978443156192125-0.0008072810504936893*I
-489.99263365375043+194.5520022018051*I,0.000349997233462168+0.0008815046129918385*I
515.0677647479613-112.46153039462513*I,-0.00020232146773929602-0.0009266230669141604*I
-526.1366268642057+33.53061358536542*I,0.00006032658473726152+0.0009465270032138777*I
525.6807419673977+40.00666002736828*I,0.00007197951574529391-0.0009457083309385463*I
-516.2927398181135-106.68752279171652*I,-0.00019193430460524654+0.0009288303604822523*I
500.47513099765115+165.73636203528122*I,0.00029815494148346787-0.0009003655786559699*I
-480.532787005936-216.8708334036736*I,-0.0003901574327284082+0.000864482426584689*I
458.50427100981994+260.2210005873415*I,0.0004681481622763481-0.0008248633019032753*I
-436.1499818566443-296.17131687001546*I,-0.0005328144638892004+0.0007846457369005552*I
414.9006109223123+325.26663729499086*I,0.0005851638278130954-0.0007464108138016746*I
-395.9360162470731-348.0994878189837*I,-0.0006262447546284848+0.00071230247565125*I
380.1606276287831+365.2721412475823*I,0.000657127925973515-0.0006839227999550951*I
-368.22712799714685-377.2923338729125*I,-0.0006787555157201409+0.0006624430812831774*I
360.62901982323206+384.5602195987702*I,0.0006918406560604777-0.000648779832897899*I
-357.6387119630081-387.3451122787205*I,-0.0006968429693678293+0.0006434075785834181*I
359.38330597167203+385.7319063723286*I,0.0006939371533144564-0.0006465373244047911*I
-365.8039850621231-379.64274731935166*I,-0.0006829916070316286+0.0006580887132466132*I
376.70740511957666+368.8262099873411*I,0.0006635282016834169-0.0006777119609871928*I
-391.69538624877293-352.87360087519954*I,-0.0006348235459993831+0.0007046680858190656*I
410.14861308968557+331.23869868028953*I,0.000595912136816956-0.0007378627298448262*I
-431.23269932529826-303.27994616186425*I,-0.0005456146310257578+0.000775804886733064*I
453.8066150350782+268.32998852789035*I,0.0004827286044978508-0.000816414573346626*I
-476.43179511178465-225.73339809614004*I,-0.0004061004074062475+0.0008571101362704932*I
497.3124912346185+174.988372534242*I,0.00031481371268122154-0.0008946819212071229*I
-514.311977225096-115.85412232591109*I,-0.0002084212792463439+0.0009252664788781544*I
524.9712006757982+48.463267075283824*I,0.00008718473491037837-0.0009444341079237823*I
-526.5374952265166+26.450551758872017*I,0.00004757910829450139+0.0009472567719934502*I
516.1367519327825-107.44614734841092*I,-0.00019329970178182636-0.0009285529902417996*I
-490.9257668035738+192.17933874724872*I,0.0003457427468667824+0.0008831895446866179*I
448.37113805896934-277.32044331583234*I,-0.0004989059139891569-0.0008066300486379087*I
-386.5936975196354+358.44981981414924*I,0.0006448610297819041+0.0006954985239161373*I
304.79576478726244-430.16541020514694*I,-0.0007738865787022288-0.0005483376147848205*I
-203.70207178250658+486.25783276664725*I,0.0008747922474310932+0.00036646185679497584*I
86.0099400547655-520.1377492957171*I,-0.0009357405577281624-0.00015473844590574304*I
43.22966017774325+525.4250851110089*I,0.0009452623695602899-0.00007776692778831688*I
-176.419746988104-496.805253868611*I,-0.000893773533704583+0.00031738967504951776*I
303.5644040464468+431.0350037810596*I,0.0007754432110048397-0.0005461243803308955*I
-412.71453687410434-328.03648822035916*I,-0.0005901505236351726+0.0007424842447078623*I
491.02196647761906+191.92999562673145*I,0.0003452928947508104-0.0008833692752540186*I
-526.2431673425858-31.764902405264422*I,-0.00005714216808724035+0.0009467340239287825*I
508.7354648197428-138.3083244416821*I,-0.000248823894324005-0.0009152290519402138*I
-433.7210016683029+299.7136907867656*I,0.0005391906357647232+0.0007802794891693144*I
303.48020879930584-431.0877747094955*I,-0.0007755433084661999-0.000545977964561554*I
-128.93894382083448+511.18966524460524*I,0.0009196543012084172+0.00023196531374835016*I
-69.82996330233578-522.5577720209376*I,-0.0009400996350774751+0.00012562949146038886*I
264.89074731249053+455.82280407146595*I,0.0008200421951161007-0.00047654493197085707*I
-423.78161989447295-313.6029158514042*I,-0.0005641897771619465+0.0007623999284521806*I
514.9472743713037+112.99389055214536*I,0.00020328056867321504-0.0009264170774354307*I
-514.6222348282295+114.47616405613364*I,0.0002059524371677434+0.0009258260600681154*I
414.0062235826174-326.4043197250722*I,-0.0005872133060634977-0.0007448108355061428*I
-224.79671276409525+476.8688283828912*I,0.0008579047792047018+0.00040442183508402485*I
-19.048434761776033-526.8544935748563*I,-0.0009478377226742409+0.00003426767436719552*I
265.04833799713197+455.7254281633238*I,0.0008198698597300207-0.0004768379204113169*I
-452.3808606892882-270.7264150924383*I,-0.00048704395886534513+0.0008138518641800635*I
527.0918163482283+10.769088823690105*I,0.000019376063821961657-0.0009482568983909186*I
-459.4436952150818+258.55437839988406*I,0.0004651468914259978+0.0008265622860001836*I
257.80848197956647-459.86469300182324*I,-0.0008273202924094773-0.0004638119545507091*I
26.636649595504963+526.5263487709991*I,0.0009472462701219669-0.0000479239271862707*I
-309.0627807774397-427.1097071604297*I,-0.0007683863108081016+0.00055601812159728*I
494.4765331457486+182.8460621579231*I,0.00032895002142503086-0.0008895823964744315*I
-510.74768154404103+130.67384937600198*I,0.00023508427096274615+0.0009188617641002536*I
340.10589246440935-402.8227463313353*I,-0.000724700282886032-0.0006118708936386118*I
-35.55692101367737+525.999947003435*I,0.0009463026779357823+0.00006396589825268798*I
-289.2628515510892-440.76050496313195*I,-0.0007929470809612475+0.0005203996981327134*I
499.2453276207542+169.3965856000207*I,0.00030475302862103637-0.0008981640090978627*I
-495.1483726091104+181.01830822462415*I,0.00032565717264167036+0.0008907984598273963*I
265.58322365527164-455.416381766569*I,-0.0008193195303627597-0.0004778022234966373*I
93.97287774397118+518.7554114201333*I,0.0009332720432254153-0.0001690642012798773*I
-413.36027688839744-327.2130077390102*I,-0.0005886712156229557+0.0007436598007583824*I
526.0053988946933-35.48538084382935*I,-0.00006384160574025891-0.0009463088601224422*I
-359.9570342090957+385.1882918112026*I,0.0006929709088483968+0.0006475816275000073*I
-8.09797633824127-527.1356751120375*I,-0.0009483461049953778+0.000014564786173364795*I
377.21370494340596+368.30290274378694*I,0.0006626011201114389-0.0006786292768753458*I
-527.0494559810691+12.47554322864212*I,0.000022445876000872677+0.0009481951247096096*I
353.4647434795902-391.1539428543144*I,-0.0007037111764454811-0.0006359009963818292*I
48.80385718487576+524.9344660954288*I,0.0009443846044698696-0.00008780308697578162*I
-424.35489897980887-312.8302200440529*I,-0.0005627985013758502+0.0007634358020267057*I
514.1523184670995-116.55625462479937*I,-0.00020968759445523201-0.0009249895269959814*I
-240.77064571703042+469.0057601630031*I,0.0008437688081161646+0.00043316464270458296*I
-212.44463439757786-482.5266088626239*I,-0.0008680976966580926+0.00038220075363781553*I
510.6168901834717+131.17772097693623*I,0.00023599566069075676-0.0009186333740012154*I
-413.66335205995875+326.8324005528854*I,0.0005879935177834023+0.0007442035110848993*I
-17.733757338761464-526.8993712249041*I,-0.0009479213376967677+0.00003190590786119394*I
439.32983129358894+291.42290039163197*I,0.0005242862638544256-0.0007903779852163268*I
-489.29400452334517+196.30182954125564*I,0.0003531553600002619+0.0008802691289641367*I
107.9832841006628-516.0201858837864*I,-0.0009283516252665313-0.0001942724507793589*I
375.446447368555+370.10182397312747*I,0.0006658396740606127-0.0006754513019423881*I
-512.5161925385516+123.55509721335142*I,0.00022228409053451+0.0009220516900280778*I
157.56378007359564-503.0986426698641*I,-0.0009051091132119615-0.0002834654597699433*I
356.7639732137122+388.148557282597*I,0.0006983018398827611-0.0006418441104880225*I
-512.7509712820348+122.90371122435796*I,0.00022111434247473093+0.0009224697691458162*I
133.71237739581625-509.9601309124379*I,-0.0009174492352966949-0.00024055530076988276*I
392.1476388159926+352.3601509025358*I,0.0006339180138564929-0.000705497114830679*I
-489.69143273057495+195.2923238645233*I,0.00035134135233379877+0.0008809873714965671*I
33.45567697260608-526.1354108670948*I,-0.0009465537964062473-0.000060191944813882764*I
465.1261754761907+248.17272037710075*I,0.00044648302108307156-0.0008367948608399209*I
-413.0592031146247+327.5926955797751*I,0.0005893629551756352+0.0007431254757959136*I
-144.09938157301147-507.12030751875244*I,-0.0009123476581643831+0.0002592458818378692*I
524.5492600468298+52.761998437337176*I,0.00009492109637734913-0.0009437029670696525*I
-234.39328264826298+472.22396995423077*I,0.0008495657702528313+0.00042168782326531184*I
-365.58413234376826-379.8478679520904*I,-0.000683370544180126+0.0006577133127023408*I
477.16062002871234-224.16865110690833*I,-0.0004032967456864345-0.0008584433440041047*I
67.79612709453677+522.81985975854*I,0.0009405880345742722-0.00012197107096489234*I
-520.0813752861129-86.30877664101327*I,-0.00015527534024272025+0.0009356619115251489*I
224.98721961037572-476.77786366889774*I,-0.0008577563732784264-0.00040476894263612254*I
403.08669920251936+339.7887803812466*I,0.0006113066424296516-0.0007251806924783076*I
-426.6195908749483+309.72920317575296*I,0.0005572234060457074+0.0007675224398905197*I
-206.57797255256074-485.03712826541965*I,-0.0008726202130900887+0.0003716466741086544*I
517.2576426793925-101.87855123240486*I,-0.00018328503011586544-0.0009305875784744725*I
1.868834213520191+527.1924710936831*I,0.0009484618243117803-3.3606591793497133*^-6*I
-519.5853774040517-89.24381302152317*I,-0.00016055767292954027+0.0009347770414725253*I
169.02322686178906-499.3654556763504*I,-0.0008984005348675972-0.00030408705979991483*I
471.1555656540301+236.5231746414508*I,0.00042552484900715645-0.000847649170896662*I
-291.8269994834132+439.05571669263395*I,0.0007898991205800688+0.000525020946107376*I
-406.4474148928573-335.76007401893645*I,-0.0006040598681239548+0.000731234014868235*I
369.5164000506706-376.02017296113235*I,-0.0006764930708465685-0.000664789609855896*I
349.8303211438709+394.40355126224443*I,0.0007095633240277148-0.0006293760493339712*I
-411.6643739361125+329.34354041324156*I,0.0005925191540953795+0.0007406173078949724*I
-315.5714326564699-422.31275394526244*I,-0.0007597750483329505+0.000567741869862036*I
427.04483297805365-309.1397529179537*I,-0.0005561704127032121-0.0007682885281428645*I
310.32666263417593+426.18668286419734*I,0.0007667445008140748-0.0005583056119325577*I
-419.64870046065306+319.10721422114875*I,0.0005741026134352302+0.0007549818947350491*I
-335.1517748839454-406.94707520846265*I,-0.0007321306157923598+0.0006029684937268138*I
387.21083668527876-357.7732238511162*I,-0.0006436667002952754-0.0006966238045012929*I
385.8329021554186+359.25839803968034*I,0.0006463355263015494-0.0006941484293875188*I
-321.711887059114+417.6534493449704*I,0.0007513959396749116+0.0005787862429005568*I
-450.91081480284686-273.1493307146154*I,-0.0004914175646742437+0.0008112288063596541*I
212.33463938392063-482.5442592284406*I,-0.000868140734858359-0.00038200643331244143*I
508.6558320589873+138.5771672583952*I,0.00024931042149254614-0.0009151181749341681*I
-52.064572651400724+524.6160509866569*I,0.0009438321958525387+0.00009366676126394795*I
-525.210843856897+45.66815735752117*I,0.00008216313034787028+0.0009449022307433327*I
-151.280149882213-505.0216272378041*I,-0.0009085798211344258+0.00027216907381928223*I
459.05158910900604-259.2401030605078*I,-0.00046639957267712126-0.0008258756595856643*I
361.62200811632385+383.61696049263116*I,0.0006901622653639108-0.0006505944248088218*I
-277.45847630922106+448.2724804003008*I,0.0008064865637574223+0.0004991733255951804*I
-507.43374054242315-142.97673137355443*I,-0.0002572275386385979+0.0009129233319940127*I
-12.620937163100834-527.0410057110545*I,-0.0009481991727175726+0.000022708005573017877*I
496.7331901647107-176.60168681865372*I,-0.00031772539993813094-0.0008936730431743773*I
330.82218372816675+410.4733605913389*I,0.0007384834279251598-0.0005951831486380958*I
-269.449763056107+453.1318789658815*I,0.0008152305415501993+0.00048476802708500764*I
-520.354674847142-84.6333134656018*I,-0.0001522645453821727+0.0009361715503336113*I
-121.89490794608349-512.9052363530683*I,-0.0009227701684676091+0.00021930049247276276*I
420.5470982687664-317.91679025964464*I,-0.0005719634729515415-0.000756608958742243*I
465.14754297207185+248.13072801562083*I,0.00044641427374744145-0.0008368469449619914*I
-19.52658979332283+526.8310018303567*I,0.0009478226343128423+0.00003513204114472125*I
-477.9718790380912+222.42291491788438*I,0.000400159972180116+0.0008599207342095326*I
-421.9305753083373-316.08100694101006*I,-0.0005686625233502715+0.0007590949777912071*I
68.81187822151438-522.6826684020106*I,-0.0009403589243602371-0.00012379945963938215*I
485.3758870794162-205.77210867392728*I,-0.00037020615557135814-0.000873240748694326*I
429.6673838739313+305.4790177030327*I,0.000549587727035385-0.0007730174348035462*I
-24.401505082703544+526.6273307869428*I,0.0009474587849557066+0.000043899056811052805*I
-450.68302257731284+273.52980948627044*I,0.0004921119616120925+0.000810827333788338*I
-482.7752464579213-211.79606558827766*I,-0.00038104423548557123+0.0008685673106920999*I
-114.35983205621497-514.6367585577209*I,-0.0009258897869129075+0.0002057461055204853*I
339.5390816808558-403.2909057219113*I,-0.0007255655173467923-0.0006108700607099867*I
526.9993574256207+14.285671416288432*I,0.000025703353975566606-0.0009481313707834124*I
