1.2645309192998158*^15+4.454095660475309*^14*I,6.926919974044204*^8-1.9609105899895616*^9*I
-1.0198761588112344*^15-3.064816958839099*^14*I,-4.768410975767955*^8+1.5815998901103566*^9*I
8.205943497858211*^14+2.0531904686673725*^14*I,3.1963648196116465*^8-1.272617765777732*^9*I
-6.587667466722184*^14-1.323587941323482*^14*I,-2.062323159893387*^8+1.0216941940397202*^9*I
5.2761216129172706*^14+8.053151893216303*^13*I,1.2565367770159766*^8-8.18320606393196*^8*I
-4.216352624272414*^14-4.4243287784201125*^13*I,-6.921471701554805*^7+6.539804353893847*^8*I
3.362059071748335*^14+1.935861452624221*^13*I,3.049391800652933*^7-5.214973293512061*^8*I
-2.6748276970703334*^14-2.8064142342602236*^12*I,-4.722180302237821*^6+4.149171354372571*^8*I
2.1233703178260625*^14-7.781090715633144*^12*I,-1.1778026911877539*^7-3.293897291691583*^8*I
-1.6818502432588453*^14+1.4137623131494867*^13*I,2.1699713159442928*^7+2.6090979929368725*^8*I
1.3291281583919547*^14-1.754380078508068*^13*I,-2.7032361161023743*^7-2.062000422877183*^8*I
-1.0479570014577666*^14+1.893734585204207*^13*I,2.9232998991869938*^7+1.62586431328367*^8*I
8.24294164544929*^13-1.899114035327646*^13*I,-2.9347350290739585*^7-1.2789166247969428*^8*I
-6.467791959262383*^13+1.8207740544172293*^13*I,2.8156635367585514*^7+1.0035416609915425*^8*I
5.061831916252904*^13-1.692216933960062*^13*I,-2.6181798176546868*^7-7.854286601425898*^7*I
-3.950712300568836*^13+1.5380877641565648*^13*I,2.3806199022391323*^7+6.130478036575135*^7*I
3.0744967801067734*^13-1.3740717257659205*^13*I,-2.1273965193976004*^7-4.7710420792222835*^7*I
-2.3850445242578008*^13+1.2111820959029139*^13*I,1.8756617645789135*^7+3.701316838806937*^7*I
1.8437366616304715*^13-1.0561779661884201*^13*I,-1.6359543187905531*^7-2.8614058280776076*^7*I
-1.4197327481325445*^13+9.126623846755975*^12*I,1.413905393151267*^7+2.20347552130404*^7*I
1.08832220130025*^13-7.829291666791589*^12*I,-1.2131084030919788*^7-1.6891962978286345*^7*I
-8.299508245450453*^12+6.672576098324778*^12*I,1.0340228900554253*^7+1.2882375445541278*^7*I
6.289629074441887*^12-5.656335316376188*^12*I,-8.766490598841041*^6-9.763128821906572*^6*I
-4.729956316036397*^12+4.772392461018807*^12*I,7.397354846537858*^6+7.342440387374564*^6*I
3.5228333637540107*^12-4.0095176573603896*^12*I,-6.215535720243215*^6-5.46881098957743*^6*I
-2.590840797672939*^12+3.3558492039057715*^12*I,5.202740626731843*^6+4.0221282048070855*^6*I
1.8731858095806848*^12-2.798662599963633*^12*I,-4.339314744299042*^6-2.9080723265142716*^6*I
-1.322195353928321*^12+2.3254583272704087*^12*I,3.605934111505524*^6+2.052676078016471*^6*I
9.003316729352539*^11-1.9247333992268252*^12*I,-2.984806926734585*^6-1.397693699154915*^6*I
-5.78457231460737*^11+1.5856485737674185*^12*I,2.4591591604765006*^6+897912.7703184685*I
3.338082997849575*^11-1.2985148853597295*^12*I,-2.0139923260271433*^6-518008.84861513786*I
-1.4905568855954962*^11+1.0544698633778691*^12*I,1.6355825366514376*^6+231090.89961156616*I
1.0713225957926489*^10-8.458522737270934*^11*I,-1.312063834846726*^6-16229.460247709712*I
9.086275997088055*^10+6.657133515546577*^11*I,1.0326704650933599*^6-141539.96828694368*I
-1.628062709632484*^11-5.082045047684464*^11*I,-788339.7245502361+253288.44288845814*I
2.09526146074843*^11+3.68412482155831*^11*I,571456.8478995258-325856.39660588896*I
-2.3316431987525385*^11-2.427387764129398*^11*I,-376444.9977229145+362566.05203436204*I
2.3383264349330295*^11+1.2946380137321384*^11*I,200642.9557685122-363589.9445483396*I
-2.1040857275732993*^11-2.778096351752173*^10*I,-42804.13810497256+327190.62754975737*I
1.5951259597827512*^11-5.440101840972205*^10*I,-84762.40263258685-248110.55242093786*I
-8.416394703711298*^10+1.0409500931901591*^11*I,161859.48327582356+131069.99878573339*I
-1.0496758578202473*^11+7.807577081459924*^10*I,121320.57956953479+163415.21181143814*I
-1.1827306211708778*^11+4.8544113863463486*^10*I,75320.61666870218+184070.964852052*I
-1.2370950825747726*^11+1.7529290333482353*^10*I,27034.14010206096+192457.6634394471*I
-1.2141560443684436*^11-1.2988613837366854*^10*I,-20459.129011988003+188808.34330369852*I
-1.1200100764453952*^11-4.1200441869682655*^10*I,-64331.269653859774+174073.28425556267*I
-9.645582806284259*^10-6.5569179227779465*^10*I,-102191.4479459609+149803.009222202*I
-7.606875494672084*^10-8.489080836670737*^10*I,-132166.48705008355+118021.47736629298*I
-5.233743957823964*^10-9.834391051808957*^10*I,-152992.35837427137+81061.1452493066*I
-2.6839651467176384*^10-1.0552297136310387*^11*I,-164042.82866280642+41392.26337005032*I
-1.1179829327529995*^9-1.0641031694083888*^11*I,-165302.6768573991+1416.558437672996*I
2.3350216016271606*^10-1.0135209150269006*^11*I,-157331.09822649075-36565.951243264964*I
4.5288027393124855*^10-9.100829394404108*^10*I,-141162.38019412963-70581.14676860184*I
6.365316589048479*^10-7.62872457289232*^10*I,-118226.94932626962-99013.7788012999*I
7.768866805606715*^10-5.825870125770088*^10*I,-90195.4134315848-120700.83617561178*I
8.691977294813434*^10-3.811722353792888*^10*I,-58925.92803419388-134926.94439668374*I
9.118117812680492*^10-1.7040531141300194*^10*I,-26246.852159815575-141444.76064330718*I
9.057956094885977*^10+3.795183468264538*^9*I,6025.019010618429-140440.591366282*I
8.547016318959273*^10+2.335017257637737*^10*I,36289.29662595607-132475.64969612678*I
7.641969377467401*^10+4.072042576510884*^10*I,63153.566232454854-118434.33063495885*I
6.415087761301958*^10+5.5191677725967384*^10*I,85532.61878685797-99438.12417630664*I
4.947834764516755*^10+6.626391570677728*^10*I,102663.96061869356-76744.74983024414*I
3.327954469961668*^10+7.36399013945749*^10*I,114099.15446947352-51698.083639523706*I
1.6438255619069817*^10+7.723523135376003*^10*I,119708.63013463558-25656.28804324503*I
-2.2889690367674533*^8+7.715506926064359*^10*I,119654.78691724587+135.5445326178972*I
-1.5959787117080471*^10+7.36777172300249*^10*I,114357.18551775518+24509.80681485432*I
-3.012853636941596*^10+6.720964121085194*^10*I,104433.51041550108+46503.53608232316*I
-4.223164375304624*^10+5.826015614474927*^10*I,90650.62830194316+65340.50483272084*I
-5.190108531680287*^10+4.7416046378325035*^10*I,73899.32880209545+80443.68045959478*I
-5.892757256583562*^10+3.527220599631047*^10*I,55089.36925426456+91472.2570393217*I
-6.322983019880554*^10+2.243890163704899*^10*I,35155.556816641554+98282.16248210247*I
-6.485691206898321*^10+9.489564436334238*^9*I,14988.590595896003+100927.27235556816*I
-6.3966509083046844*^10-3.061805700203402*^9*I,-4604.250994735163+99628.01352824696*I
-6.080597557949102*^10-1.4761686743421064*^10*I,-22901.258954286106+94755.83306102734*I
-5.568092917150045*^10-2.5256290528526527*^10*I,-39329.177083835704+86777.47619442659*I
-4.8947815144857216*^10-3.426358043274638*^10*I,-53428.5039049778+76248.94873593653*I
-4.0987014426374756*^10-4.1593831445542694*^10*I,-64881.569278339746+63775.47464843291*I
-3.2172245170262*^10-4.7146065664788994*^10*I,-73519.03731415815+49958.10699613392*I
-2.2877431606395493*^10-5.088880880673206*^10*I,-79292.08563269643+35403.723072397326*I
-1.3446510488756433*^10-5.286247457615368*^10*I,-82270.7167703016+20668.79205365793*I
-4.1901854488136516*^9-5.316324630557982*^10*I,-82623.24868173632+6252.989829336664*I
4.622290436271737*^9-5.193250173628742*^10*I,-80595.78110475323-7418.112376463538*I
1.2763495509644714*^10-4.934950978372362*^10*I,-76489.74992012582-19997.268173975957*I
2.005778580688554*^10-4.561589398740696*^10*I,-70638.74224752952-31226.907429062914*I
2.6372455382148888*^10-4.0951911675985*^10*I,-63395.133335395956-40926.1247263349*I
3.162732493980709*^10-3.5579637675910484*^10*I,-55101.927156687365-48994.35304624296*I
3.578401307513271*^10-2.9720250601485214*^10*I,-46087.77407090018-55394.64425257928*I
3.884513920802315*^10-2.358996368508566*^10*I,-36666.90496085159-60141.55760629779*I
4.085306772528316*^10-1.7376601014985077*^10*I,-27106.02721115977-63300.69943741289*I
4.187786354954423*^10-1.1253296113515501*^10*I,-17651.917374011264-64969.69247089675*I
4.201415369012414*^10-5.360805622743096*^9*I,-8511.76887927702-65273.48719575961*I
4.137073463256181*^10+1.8896832108805603*^8*I,141.90256262484172-64357.93629178109*I
4.0064366862357864*^10+5.313677963117096*^9*I,8168.948887391505-62382.89142903566*I
3.82114408273259*^10+9.958878753502281*^9*I,15464.731099536979-59517.872842630306*I
3.59244816147609*^10+1.4091570611932974*^10*I,21956.491578472265-55938.69902713063*I
3.3308134131116405*^10+1.7698968406508976*^10*I,27605.322344201275-51819.5032823762*I
3.0460186733482094*^10+2.078080843748187*^10*I,32402.868770554694-47330.274925484286*I
2.7458849911148987*^10+2.3355152717068356*^10*I,36378.85530818846-42612.82068804768*I
2.439014673516724*^10+2.5437313516795414*^10*I,39570.17290563432-37814.72196270946*I
2.1318651396317577*^10+2.7059160087256226*^10*I,42042.551322472376-33040.751014382*I
1.830915655319189*^10+2.8255065648957268*^10*I,43864.97165823929-28386.30354130209*I
1.541325414597715*^10+2.9067492570978138*^10*I,45112.55970776777-23918.494986161943*I
1.2674359908197199*^10+2.9543453937669865*^10*I,45857.4962922115-19690.843096391312*I
1.0126535322308369*^10+2.9733184109325455*^10*I,46168.387575256114-15746.717123849274*I
7.787143355191909*^9+2.9686415059253582*^10*I,46110.86217354737-12111.376698151395*I
5.672806961315423*^9+2.9450316035118164*^10*I,45749.4098881444-8817.991292115188*I
3.783904660570964*^9+2.906615961140758*^10*I,45146.16611733065-5877.510424661659*I
2.11961195707709*^9+2.8568653327561447*^10*I,44362.42548451508-3297.075571094336*I
6.818144814943665*^8+2.79888746244074*^10*I,43457.286963553386-1080.8602127656977*I
-5.369793216075436*^8+2.7351225412345207*^10*I,42478.197811927326+791.4627107125631*I
-1.5358198345907097*^9+2.6681586935942764*^10*I,41466.34408459786+2331.609421291395*I
-2.322058061639559*^9+2.6002596916885555*^10*I,40446.79567600168+3563.412470094851*I
-2.9033921145627346*^9+2.5336384980363155*^10*I,39437.13822992361+4501.2129095306655*I
-3.2915839731684475*^9+2.4701332045907776*^10*I,38449.20447120968+5152.552696419781*I
-3.5047688281782427*^9+2.4106727153072914*^10*I,37491.59503759573+5525.172870629757*I
-3.5554063051639442*^9+2.3556050146570255*^10*I,36579.79432345619+5616.67017535231*I
-3.4574601175228353*^9+2.304196867900675*^10*I,35725.654218643096+5438.017719918257*I
-3.2176355677770634*^9+2.255305966861383*^10*I,34937.834633100945+5007.596630965598*I
-2.830694964728831*^9+2.2081376556842957*^10*I,34219.78456729903+4341.670626854352*I
-2.2967347865865254*^9+2.161811624070399*^10*I,33553.71418187149+3470.7236100262767*I
-1.613883370613907*^9+2.1160770939240402*^10*I,32910.98147462012+2412.6647976881136*I
-7.863076368830158*^8+2.0706890296738804*^10*I,32255.124907672474+1172.4927504692753*I
1.6834564622822398*^8+2.024591973855573*^10*I,31545.762102918045-245.73895244882655*I
1.2324894892727745*^9+1.975945275596293*^10*I,30753.413832193975-1848.2991285887995*I
2.3899898967463074*^9+1.9219121267240894*^10*I,29856.478883053445-3635.024750835388*I
3.6260722861112895*^9+1.859021029346661*^10*I,28834.007565976593-5584.229424536698*I
4.932843847506578*^9+1.7840628039508778*^10*I,27658.86194297485-7661.493598137497*I
6.299907129843189*^9+1.6944749760071472*^10*I,26290.697859024778-9820.063555839151*I
7.704076101031303*^9+1.5884503475707632*^10*I,24678.813780148204-12005.463275965458*I
9.114381536592886*^9+1.464491884193407*^10*I,22772.72108261818-14174.984263550765*I
1.0481689666089987*^10+1.320952451881765*^10*I,20535.63124557019-16276.290385193779*I
1.1753723167466549*^10+1.155901910808688*^10*I,17950.04628387345-18250.058938215694*I
1.2874774648237383*^10+9.678817634978273*^9*I,15018.485752979646-20011.389442924723*I
1.379052520669604*^10+7.56874224610856*^9*I,11755.514931700449-21455.05477812956*I
1.4445765116607439*^10+5.248090247380964*^9*I,8181.149711041863-22470.594406019984*I
1.477301765503337*^10+2.7624043917738266*^9*I,4337.88509562982-22947.677188479567*I
1.4700564251490852*^10+1.7197837300447792*^8*I,297.88635454831837-22797.079255331435*I
1.4160080198779873*^10-2.4514760066903133*^9*I,-3820.915632970147-21944.96694082102*I
1.3101630197036009*^10-5.018198755843024*^9*I,-7846.705565920093-20327.680730126565*I
1.150876644354004*^10-7.420477288252561*^9*I,-11581.299235268967-17900.136148440466*I
9.400710832147408*^9-9.522161132073053*^9*I,-14811.649851994312-14654.93298632694*I
8.42399918618701*^9-1.02440570590425*^10*I,-15915.045787613097-13138.62316596803*I
7.377755027538337*^9-1.0882769605814032*^10*I,-16890.57022764855-11507.71082320762*I
6.267420578117324*^9-1.1428468582782564*^10*I,-17725.39000921377-9771.889195109638*I
5.100679462432915*^9-1.1870597572638353*^10*I,-18404.546323874794-7945.03626181*I
3.88428759250744*^9-1.2201546513391132*^10*I,-18917.018554841874-6040.105227532381*I
2.629735903522698*^9-1.2411800090116938*^10*I,-19247.657723849657-4077.290417097027*I
1.34477381777457*^9-1.2496779750616829*^10*I,-19388.044481381305-2070.645501856432*I
4.388549037770613*^7-1.2449628334265139*^10*I,-19325.594976434408-43.940021713922576*I
-1.259827570934365*^9-1.2266677445868*^10*I,-19052.417929761436+1982.1866649790118*I
-2.5511656013586764*^9-1.194524399560572*^10*I,-18562.333578662936+3984.728792125265*I
-3.813318237703755*^9-1.1484209494426016*^10*I,-17851.978759945137+5938.975932244122*I
-5.029712584820671*^9-1.0884075438044186*^10*I,-16921.555568235734+7821.163146528274*I
-6.181407083818517*^9-1.0147220351258896*^10*I,-15774.865615044848+9603.72733016679*I
-7.250469240559757*^9-9.278021667033487*^9*I,-14419.847745544726+11260.367606759577*I
-8.218751325732868*^9-8.283206312818881*^9*I,-12868.561152239043+12763.801620888831*I
-9.069378820939516*^9-7.171682249223746*^9*I,-11136.638872306707+14087.821012959255*I
-9.785385418365274*^9-5.955526486005844*^9*I,-9244.432136977797+15205.218342257234*I
-1.0352181160874302*^10-4.6489735840262*^9*I,-7215.0098686947995+16091.806614929146*I
-1.0755190221786945*^10-3.2706046986909*^9*I,-5077.3354832212135+16723.26081684536*I
-1.0983918777890953*^10-1.8394368534366453*^9*I,-2860.3568647222373+17081.59545361922*I
-1.1028259789058453*^10-3.793051913632675*^8*I,-599.6033053957718+17150.08007706642*I
-1.0881608491962492*^10+1.0848405273151674*^9*I,1667.9153170046625+16918.081419973005*I
-1.0540253088579065*^10+2.526421595806154*^9*I,3902.6069935535184+16380.422188645556*I
-1.000383123869446*^10+3.917230486507717*^9*I,6061.925677211236+15537.862875880595*I
-9.276040482080807*^9+5.228334646892326*^9*I,8101.4543539832475+14397.89562066494*I
-8.364847195166862*^9+6.43174237000254*^9*I,9977.402594353483+12974.72991719043*I
-7.283039249237911*^9+7.4993181570776615*^9*I,11644.842126822623+11289.71760307648*I
-6.048471144831328*^9+8.40453180706835*^9*I,13060.987621613867+9371.284390762185*I
-4.683373031454593*^9+9.123788832017168*^9*I,14187.320454077171+7253.9340620908015*I
-3.215221453569517*^9+9.635400010293655*^9*I,14988.680956695463+4979.514318776255*I
-1.6755234166656885*^9+9.921677321541006*^9*I,15436.678438057133+2595.5566376495076*I
-1.0016319610743941*^8+9.968939202521765*^9*I,15509.898273507599+156.23607305023552*I
1.4722566730836227*^9+9.769051281635328*^9*I,15196.241875382739-2279.835416943101*I
3.0015315147077007*^9+9.319959602167177*^9*I,14493.55539282988-4651.1364298943*I
4.445447151972146*^9+8.626163053052204*^9*I,13410.137796525649-6892.2800524413615*I
5.763148773582783*^9+7.699531334481124*^9*I,11965.42468774484-8939.501091006634*I
6.913499420964775*^9+6.559888911133295*^9*I,10190.899719040697-10728.106895604755*I
7.860552065273573*^9+5.233779943073229*^9*I,8127.967860075593-12201.445934416466*I
8.569628330047909*^9+3.756463981793336*^9*I,5831.130592051027-13305.006887022146*I
9.013282417405111*^9+2.1691209502499614*^9*I,3363.864843124906-13995.855791118389*I
9.170281951900875*^9+5.195354031278521*^8*I,799.9233698970875-14241.135947736995*I
9.02800962059983*^9-1.1397005209663754*^9*I,-1779.0973475169646-14021.622017842035*I
8.583891272158947*^9-2.754406285294011*^9*I,-4288.934348985237-13333.661701137553*I
7.84537309828258*^9-4.2674611337429214*^9*I,-6640.344757388557-12188.974513412586*I
6.83145109722236*^9-5.622607420638232*^9*I,-8745.431378607755-10616.885693377837*I
5.572453989181605*^9-6.766962428597549*^9*I,-10521.724515819582-8663.956644211523*I
4.109777793929689*^9-7.652482553687402*^9*I,-11894.645626589649-6393.775193217766*I
2.4955228232420063*^9-8.238235784858416*^9*I,-12801.145554772902-3886.6490930911664*I
7.899063865488981*^8-8.493992274505038*^9*I,-13195.112460656821-1235.985795954505*I
-9.400785021214147*^8-8.401386468141354*^9*I,-13048.842324684481+1453.8754864163677*I
-2.621709476418031*^9-7.955792594081319*^9*I,-12355.680907697248+4069.106529153437*I
-4.1824409185866723*^9-7.168556536047784*^9*I,-11133.231637528916+6496.015320931013*I
-5.550301941109997*^9-6.06697891280424*^9*I,-9423.247437899237+8621.98935366848*I
-6.65882210458152*^9-4.694460539762317*^9*I,-7292.0820222057655+10343.507909525955*I
-7.450225582315391*^9-3.1094479483153176*^9*I,-4829.47248490898+11571.34520412402*I
-7.87910392159715*^9-1.3835856131307883*^9*I,-2146.23474153889+12236.061968302185*I
-7.916000116414884*^9+4.012306643268636*^8*I,630.1632820181018+12293.267829381117*I
-7.550135579585886*^9+2.155681292523794*^9*I,3359.770458724143+11727.186494177411*I
-6.792014356148687*^9+3.788713855043376*^9*I,5899.420912715084+10554.276241086545*I
-5.673974798363573*^9+5.211037244194967*^9*I,8108.783540830209+8823.7869935875*I
-4.2504769623910737*^9+6.339997872245228*^9*I,9858.64636070574+6618.408320891675*I
-2.595869237695806*^9+7.106145736214196*^9*I,11041.553683377912+4051.4591202436463*I
-8.011482909866701*^8+7.45747059741667*^9*I,11578.478355195393+1262.544526718418*I
1.0290637043665608*^9+7.363559125579659*^9*I,11424.774987797085-1586.1884810882489*I
2.785862917112859*^9+6.820939777936148*^9*I,10577.62110131789-4324.375820757389*I
4.357841869440597*^9+5.853819620091727*^9*I,9076.137907717368-6776.389606288753*I
5.641484083215741*^9+4.515967485833214*^9*I,7003.641914469975-8778.311356630871*I
6.547860895007081*^9+2.888344218338963*^9*I,4483.877975611051-10189.517879761373*I
7.008498013420512*^9+1.075952343870621*^9*I,1676.872047623286-10902.760342333188*I
6.98279086820274*^9-7.989660667825309*^8*I,-1230.6297055410475-10856.127074700382*I
6.462422060562973*^9-2.6040799309248834*^9*I,-4034.857855725219-10039.534957684977*I
5.474973135346524*^9-4.207466697779686*^9*I,-6530.603342797158-8499.282018187969*I
4.0843686181020813*^9-5.4867674052350025*^9*I,-8525.446141681517-6337.288345301492*I
2.3893714930473356*^9-6.338879490154789*^9*I,-9855.729021239134-3707.6411645265794*I
5.169434963153759*^8-6.690737751915079*^9*I,-10404.699818422861-805.9086219244025*I
-1.3849656129487982*^9-6.505158830840065*^9*I,-10113.14964903152+2141.4656540459923*I
-3.159988063829085*^9-5.787443761180973*^9*I,-8990.2803824818+4895.212604285577*I
-4.655629480226826*^9-4.5876348959690695*^9*I,-7116.991890158404+7220.709065599642*I
-5.738386574487082*^9-2.9994880063827624*^9*I,-4642.945924833716+8910.38018784341*I
-6.305999511943328*^9-1.1556411256602445*^9*I,-1777.3289357548495+9802.67736988968*I
-6.29937335160389*^9+7.820956517278223*^8*I,1227.7053851367943+9801.642110091769*I
-5.709996970129831*^9+2.635231077018892*^9*I,4096.831885946988+8890.338998656383*I
-4.584174418461272*^9+4.2257864627720704*^9*I,6557.47179568014+7138.989234775477*I
-3.0218228276737776*^9+5.393727202819572*^9*I,8365.100331041429+4703.957857869046*I
-1.1701159179806502*^9+6.015343208710144*^9*I,9329.983031814269+1817.3461357717622*I
7.888533730548421*^8+6.018670433486164*^9*I,9340.021280247447-1233.7713200280436*I
2.6529065348520856*^9+5.393634710200028*^9*I,8376.725551238495-4132.389457814794*I
4.2218261609016137*^9+4.1977899140623803*^9*I,6525.5959118962355-6567.0468378090045*I
5.319271270404702*^9+2.553008558927775*^9*I,3972.8824992464847-8266.03131000639*I
5.81392042714261*^9+6.359309414036268*^8*I,992.2255217963594-9028.925229343984*I
5.63884926581888*^9-1.3393369944958396*^9*I,-2081.9374124826845-8754.837766318567*I
4.803647626477985*^9-3.1432711509392242*^9*I,-4889.722672777941-7459.667898277522*I
3.3982944543340364*^9-4.55840486922814*^9*I,-7090.251362120813-5281.769396274394*I
1.586903058975313*^9-5.405444532396444*^9*I,-8403.833737420093-2473.0518068602546*I
-4.0942906769689727*^8-5.569500789149039*^9*I,-8653.175690925991+625.8763327019832*I
-2.3375556670096993*^9-5.018320572641281*^9*I,-7790.9337052059645+3622.9496118173975*I
-3.9438541008568993*^9-3.812645468084101*^9*I,-5914.210557981618+6123.1794452162285*I
-5.009001059960654*^9-2.1039827462382147*^9*I,-3259.614520937022+7783.38297686395*I
-5.379519782228649*^9-1.1910343711070013*^8*I,-178.73963600480025+8362.74613541367*I
-4.993258198113079*^9+1.8672130547316883*^9*I,2903.5173239443675+7763.621264972655*I
-3.8942320870652757*^9+3.5701176695190787*^9*I,5546.514685020046+6055.0036661727945*I
-2.2327730928554277*^9+4.735572167323119*^9*I,7356.300101619824+3472.0441471231607*I
-2.4891151502942675*^8+5.181977689306926*^9*I,8050.071910715007+389.0143023497113*I
1.7577886628197832*^9+4.83075479981201*^9*I,7504.495170691306-2728.4735754675467*I
3.473586932862819*^9+3.725976342533634*^9*I,5787.260545225934-5393.804038720627*I
4.61961970006066*^9+2.033610177351749*^9*I,3156.5403035070963-7174.768146404453*I
5.000277522781583*^9+2.2030335503027402*^7*I,30.349895229463357-7767.736345893354*I
4.541648969650978*^9-1.9774195359433227*^9*I,-3075.686828503802-7057.102953586396*I
3.3108309028318996*^9-3.622886756712445*^9*I,-5630.6085273449025-5145.902528770645*I
1.5121727457662013*^9-4.622389889418765*^9*I,-7181.9619568758535-2351.018840067003*I
-5.415369591805098*^8-4.7886116392079115*^9*I,-7439.949461056816+840.9637644509794*I
-2.479884882979171*^9-4.0800306916717668*^9*I,-6340.28600918136+3853.092065241424*I
-3.94107138980027*^9-2.617207017778063*^9*I,-4069.1440220248546+6122.1296873984975*I
-4.640845761385106*^9-6.689114636121165*^8*I,-1042.3328951864135+7206.705105828389*I
-4.433151494659354*^9+1.3926795812189565*^9*I,2162.8701670946857+6881.597299474883*I
-3.346921162329665*^9+3.1600814091126933*^9*I,4912.638515765064+5193.737221598338*I
-1.5906690965598953*^9+4.2720432279084682*^9*I,6643.568547401856+2467.8342964743424*I
4.804699977264009*^8+4.490444505131977*^9*I,6983.61056540012-745.5545293234941*I
2.4321100552267003*^9+3.758028157269911*^9*I,5843.318007613781-3774.014411134754*I
3.841581694197661*^9+2.2206447042986655*^9*I,3450.823899567557-5962.857839475754*I
4.391524774409195*^9+2.0641123984518474*^8*I,318.3978340722585-6819.181771814372*I
3.9479938735613747*^9-1.8375222554833643*^9*I,-2857.582806718951-6133.130005100642*I
2.601390070745014*^9-3.4419941094321637*^9*I,-5348.491863522404-4042.8398662910363*I
6.567140714566321*^8-4.225062161793927*^9*I,-6562.812052465936-1021.0147992799822*I
-1.4276778579692304*^9-3.9888641724687333*^9*I,-6195.079517369445+2219.543405309245*I
-3.144753108833633*^9-2.7789583431646037*^9*I,-4316.701759778689+4889.254965325708*I
-4.0621039501117687*^9-8.858149013199257*^8*I,-1378.0043810062818+6314.816697681899*I
-3.936847678316513*^9+1.2160987855899475*^9*I,1885.4666052437533+6118.69287683643*I
-2.78941201137468*^9+2.983060698574825*^9*I,4629.9959498857+4333.556565449125*I
-9.120753596683023*^8+3.942760689506124*^9*I,6121.814121482853+1414.667355083285*I
1.1953282169470525*^9+3.826350799309774*^9*I,5942.633779534753-1860.7743349139253*I
2.9535661356261945*^9+2.653952683599553*^9*I,4123.126616576026-4592.719454649926*I
3.863139640246414*^9+7.440980693308225*^8*I,1157.7243257096081-6005.141965888636*I
3.6532794603806787*^9-1.3622672311404784*^9*I,-2113.6699682161366-5677.489549374904*I
2.373256925952634*^9-3.049503613447125*^9*I,-4735.177067416181-3686.860471826217*I
3.9428472164479643*^8-3.8080838111619945*^9*I,-5915.226801129302-611.0954362575504*I
-1.6872049349956539*^9-3.396649039776098*^9*I,-5277.804960369289+2622.211682281672*I
-3.22414666178892*^9-1.9312159575524764*^9*I,-3001.477215076345+5008.061857845382*I
-3.722156821937183*^9+1.335973213861781*^8*I,208.27483243802934+5780.183804153273*I
-3.008641996489582*^9+2.1353627326768265*^9*I,3321.117015634923+4672.395111060282*I
-1.3066905141006246*^9+3.412495721146917*^9*I,5306.618813075623+2031.4329748406583*I
8.199695639053314*^8+3.5276128012966433*^9*I,5483.537121301382-1269.1557837467317*I
2.644188099256199*^9+2.429140278783641*^9*I,3772.7942805227467-4102.560148509674*I
3.5233694028117633*^9+4.893988264663234*^8*I,756.0037118639183-5471.190473512093*I
3.134522330561258*^9-1.607348371210978*^9*I,-2501.3009311993296-4870.9186011084075*I
1.6073591184922876*^9-3.0983790423412557*^9*I,-4814.824212864835-2499.952687756924*I
-5.0166701309311527*^8-3.4231396775296273*^9*I,-5316.842548879946+778.2753253604986*I
-2.3999509260879292*^9-2.4468847107781734*^9*I,-3800.4861581360014+3730.181638751707*I
-3.3529872162072663*^9-5.3432531856639314*^8*I,-831.664662986028+5211.517401740047*I
-2.976846650773*^9+1.569809127399524*^9*I,2435.5521902243145+4625.035765063789*I
-1.4095641367590427*^9+3.0226614907109103*^9*I,4693.601355507361+2187.3973768586675*I
7.192353635526922*^8+3.2240486708510947*^9*I,5008.953311952101-1120.634381273832*I
2.5271602450118566*^9+2.0790881910889647*^9*I,3231.631895300406-3928.0699835496307*I
3.242493129200838*^9+6.2163455911369324*^7*I,97.68752759659394-5038.069448822388*I
2.545362366474384*^9-1.9613669946206527*^9*I,-3046.90945640099-3955.149422224419*I
7.311866221676096*^8-3.0991137101980762*^9*I,-4814.007246198648-1137.3216425410594*I
-1.3932864506517427*^9-2.8313238309110017*^9*I,-4396.593009977791+2163.899846300783*I
-2.8570916921633387*^9-1.268133381052481*^9*I,-1967.8197053566228+4440.005366585521*I
-2.971248546078824*^9+8.716872290805825*^8*I,1354.9351078019904+4618.484201296675*I
-1.6703163462169967*^9+2.574564976462635*^9*I,3998.849089474457+2596.235468442112*I
4.2712799870854753*^8+3.0107371840752563*^9*I,4676.923279690287-664.3084450362321*I
2.292322971017317*^9+1.9544103475842748*^9*I,3037.7967749003096-3562.1882029993026*I
2.9847700159417744*^9-7.440090234830932*^7*I,-113.43230757647235-4635.759370505785*I
2.1397312640181222*^9-2.0434001987017896*^9*I,-3174.5005131144276-3320.9241478478802*I
1.8571183575094846*^8-2.924012832695938*^9*I,-4545.558344345919-285.92335820014773*I
-1.8467319795728958*^9-2.2399420411287546*^9*I,-3483.556690227678+2868.8030921124223*I
-2.8566017066153865*^9-3.4965755734667146*^8*I,-544.7977433895093+4435.7357337209605*I
-2.2787325544943986*^9+1.7136228646651633*^9*I,2663.0909723298455+3538.5600890752985*I
-4.261376482003668*^8+2.792039808719316*^9*I,4338.84079493997+662.2473309373835*I
1.6501788053962796*^9+2.2610087789431005*^9*I,3512.3113329175485-2562.790581265321*I
2.7415863515284853*^9+4.1775200209374183*^8*I,647.3471624017673-4259.496234578943*I
2.193644510419878*^9-1.653563016327495*^9*I,-2570.331182367724-3409.770117126249*I
3.258963731549633*^8-2.7029436172473*^9*I,-4199.185780831268-508.556697876668*I
-1.721881684547499*^9-2.0774515016204014*^9*I,-3226.0570463648573+2673.6368695477872*I
-2.6683321929812922*^9-1.572608718174377*^8*I,-242.4023351682025+4145.375503429075*I
-1.9023358858737144*^9+1.8418336306679916*^9*I,2862.8470633482243+2956.3135255956954*I
9.029805535063517*^7+2.6224178796020875*^9*I,4074.5884575702175-139.38232896732373*I
2.0008979068426359*^9+1.6604425485427682*^9*I,2579.5604810277896-3108.404257776448*I
2.543562633272089*^9-4.0824113584860694*^8*I,-633.9543831070063-3952.019429541497*I
1.33820598897805*^9-2.173997929338064*^9*I,-3376.6074972140304-2078.9216566892082*I
-7.861711197581183*^8-2.404043150577128*^9*I,-3734.141096124008+1222.5199508716705*I
-2.3282629104878306*^9-9.256602396369727*^8*I,-1438.1810822946652+3618.732191556574*I
-2.1713257691674495*^9+1.2040685991709435*^9*I,1869.9263002084072+3374.451911714322*I
-4.2033866432978797*^8+2.424321461908612*^9*I,3765.63819270173+653.5222924738059*I
1.6247682257420337*^9+1.8175979820456562*^9*I,2822.9926369586124-2524.073610271592*I
2.40963545185964*^9-1.6490542951593915*^8*I,-257.18044155498836-3743.8434694100015*I
1.319458619674526*^9-1.9962551970987167*^9*I,-3102.080864736981-2050.5803353444126*I
-7.972610261299875*^8-2.2332654420848875*^9*I,-3469.6762529744447+1238.1641300340236*I
-2.249729148555248*^9-6.772559635457479*^8*I,-1052.2736809044347+3495.3874241125977*I
-1.8505781421497216*^9+1.4126361527899451*^9*I,2193.8632377396134+2875.131328055182*I
7.858312928858025*^7+2.30558206031237*^9*I,3581.079241838874-123.19436449276058*I
1.9179414407975583*^9+1.2420092884688792*^9*I,1929.8787262029077-2981.4892103256316*I
2.088661230145031*^9-8.747533620663604*^8*I,-1357.6985032413997-3245.8545451416016*I
4.336224308615177*^8-2.2018305877074842*^9*I,-3419.756326929152-673.3260623442263*I
-1.5863534665408075*^9-1.557477398776626*^9*I,-2419.564083467547+2465.116875370055*I
-2.148738783324691*^9+4.8527039201229036*^8*I,753.882680001875+3338.2543425697586*I
-7.305175110651901*^8+2.0566482629778602*^9*I,3195.6768650837457+1134.5615070513034*I
1.352322023271943*^9+1.6873204143344502*^9*I,2622.3400878359193-2101.1127986467645*I
2.124615230164603*^9-2.8006154918417174*^8*I,-434.1572184786227-3300.301522119743*I
8.354263799299437*^8-1.9521737252937732*^9*I,-3032.558155794681-1296.7038275065856*I
-1.2574827894548323*^9-1.6859886294473696*^9*I,-2620.0127161889536+1954.8069149458543*I
-2.0680990123213131*^9+2.599218988706037*^8*I,402.8838837884833+3213.197989914298*I
-7.690016257126184*^8+1.916852313307044*^9*I,2977.9590083881526+1194.3297748809885*I
1.306989759066821*^9+1.5745311825414116*^9*I,2446.636442291899-2030.2613714048905*I
1.9850133540808284*^9-4.145250810211102*^8*I,-644.4454801960733-3083.0602591413085*I
5.376248577208573*^8-1.9353406749011507*^9*I,-3008.022746987494-835.0911929974561*I
-1.4732406293266737*^9-1.3386562837567952*^9*I,-2080.505252478479+2288.187840196086*I
-1.834525224903517*^9+7.24706354212131*^8*I,1125.8747300381021+2849.660208362157*I
-1.3759257691948128*^8+1.949446830033179*^9*I,3028.5429295782483+213.50495418302913*I
1.692682973507326*^9+9.400133973432362*^8*I,1460.2396230694217-2630.391714728188*I
1.541214349189558*^9-1.1424639725250735*^9*I,-1774.6869564797119-2395.0056365128594*I
-4.186752781386267*^8-1.8543686317881804*^9*I,-2880.7893238542865+650.4444322706214*I
-1.8521230771135554*^9-3.430781948710372*^8*I,-533.2341441167091+2877.259209955145*I
-1.0198639307667195*^9+1.5630661773448238*^9*I,2428.6824156912753+1583.6337319477618*I
1.0572710241824625*^9+1.5166626266393895*^9*I,2357.442464924902-1642.9814431446882*I
1.7819363704795594*^9-4.2748316547616357*^8*I,-663.3619144445138-2767.7996139167476*I
2.3062967214954183*^8-1.8006761590313168*^9*I,-2797.7790661074137-357.6903355121293*I
-1.5963903766818197*^9-8.289871625027854*^8*I,-1288.1182570430594+2480.018609357043*I
-1.3028768076551669*^9+1.2160209492100108*^9*I,1889.8467777167682+2024.0255670228703*I
7.224132470271204*^8+1.6113085202208998*^9*I,2504.0074860327704-1121.732793607531*I
1.7408176557515354*^9-1.7944637410493237*^8*I,-278.95925850182624-2703.7105307231345*I
3.523865814328196*^8-1.6973548789149537*^9*I,-2637.6507603961304-547.1227342199402*I
-1.5069882431011415*^9-8.244551371895502*^8*I,-1281.217825640012+2341.291367060394*I
-1.2033879964741483*^9+1.2037261073400319*^9*I,1870.059820963585+1869.7027116103304*I
8.267629890215617*^8+1.4699998195276127*^9*I,2283.645663476253-1284.2942690659236*I
1.6187999039322987*^9-4.144807542722766*^8*I,-644.3341157730488-2514.873458781822*I
-1.3492549953951044*^6-1.6555164475565732*^9*I,-2572.5869638624463+2.0645950342014783*I
-1.5946203315022426*^9-3.8561393573722625*^8*I,-599.5350639701244+2477.1004358490604*I
-7.271595073904827*^8+1.4538421759736776*^9*I,2258.669834038307+1129.2491226540255*I
1.2541994292728112*^9+1.0102564873504075*^9*I,1569.689270109201-1948.8370874717916*I
1.2303505765604458*^9-1.0162125504561814*^9*I,-1578.8475308664035-1911.6389992536722*I
-7.583399427087064*^8-1.3874750247186124*^9*I,-2155.7250843186316+1177.934289652875*I
-1.4862309174863524*^9+4.959494061657556*^8*I,770.59467255343+2308.6529476681944*I
2.4166995380819154*^8+1.5332465956623685*^9*I,2382.468883650109-375.863944035329*I
1.538050285453856*^9-4.934695661554215*^6*I,-7.129413970434617-2389.624649752165*I
2.0928454191881257*^8-1.5096316619392986*^9*I,-2345.1589843626634-324.858996507762*I
-1.4569319889961176*^9-3.967492155463568*^8*I,-616.4555707009239+2263.610159840877*I
-5.569632121353763*^8+1.3885760683985093*^9*I,2157.596609155766+865.0929573138714*I
1.3121807663384218*^9+6.89743170960098*^8*I,1072.1734028076346-2038.478870915743*I
7.976576982773417*^8-1.2335736823005207*^9*I,-1916.3796279137298-1238.6639370261128*I
-1.1578576670650356*^9-8.815384663731881*^8*I,-1369.8688399285993+1799.2031038532302*I
-9.448383411682618*^8+1.0894033793659005*^9*I,1692.4924749380446+1467.9196151558745*I
1.030822125054618*^9+9.894462604937006*^8*I,1537.3664932344864-1601.3070116290376*I
1.0178636910689423*^9-9.840543476406188*^8*I,-1529.0297668289072-1581.0318218908096*I
-9.507398053452142*^8-1.0312656034794542*^9*I,-1602.5071936201773+1477.2725229486625*I
-1.0315707103794523*^9+9.315236944870776*^8*I,1446.9878992736349+1602.7617285553333*I
9.262563682236614*^8+1.0191906668359435*^9*I,1583.1459135580026-1439.140730785489*I
9.939656395917149*^8-9.347457857435822*^8*I,-1452.389443391827-1544.4343912382512*I
-9.561075037882233*^8-9.558866342639357*^8*I,-1485.176318126415+1485.4785095740287*I
-9.038428584894987*^8+9.888705391402448*^8*I,1536.0350238494316+1404.211100734937*I
9.645227814120212*^7+1.330066233415111*^9*I,2066.102274182701-150.06999439081218*I
1.030483233743061*^9+8.365437518927517*^8*I,1299.4447507879097-1601.381881032581*I
1.308485677316272*^9-1.821107748836976*^8*I,-282.9950886691754-2033.356110397761*I
7.521265368750854*^8-1.0788176230266821*^9*I,-1675.9730344951752-1168.899803451957*I
-2.835711335777399*^8-1.2781285757241087*^9*I,-1985.5352406330944+440.36967656961616*I
-1.1297390579764698*^9-6.495237031418089*^8*I,-1008.9471918297178+1755.179735252667*I
-1.2342484077546546*^9+3.9887458685516834*^8*I,619.7405459637835+1917.6167837505952*I
-5.268206659755445*^8+1.1788291305760846*^9*I,1831.360759147397+818.4377467024634*I
5.255424342580251*^8+1.1728830094736998*^9*I,1822.097342136052-816.7482744932848*I
1.2204171950864975*^9+3.833138540002348*^8*I,595.5330762618568-1896.4801454958354*I
1.089137639701107*^9-6.597423507897097*^8*I,-1024.7840403686957-1692.4963797708344*I
2.190857548533897*^8-1.2486138889536695*^9*I,-1939.542775173619-340.5716919923826*I
-7.957575079720309*^8-9.79300499507083*^8*I,-1521.148078560871+1236.320891048789*I
-1.2554384695261755*^9-3.586888105135682*^7*I,-55.50723077954785+1950.577484943937*I
-8.390531604187082*^8+9.2675777176383*^8*I,1439.9847191415147+1303.6295658658298*I
1.6319339640973344*^8+1.2336658124189112*^9*I,1916.7986192460733-253.55226893792565*I
1.044056811071892*^9+6.666050560777379*^8*I,1035.7999152148639-1622.1017197931776*I
1.1755893928528078*^9-3.7205623482691145*^8*I,-577.9179620785756-1826.445027065746*I
4.618883344802039*^8-1.1371889635626032*^9*I,-1766.6577717341022-717.6259475357782*I
-5.819489942626107*^8-1.0743066991084657*^9*I,-1668.8969018472844+904.1121333632101*I
-1.1946204763011448*^9-2.2771568588058293*^8*I,-353.5096548589096+1856.0479806480232*I
-9.245785882617837*^8+7.812308659049432*^8*I,1214.0394373044128+1436.6304914448237*I
2.9559038546304986*^7+1.2045592569320939*^9*I,1871.6285964386109-45.66256432833489*I
9.558035976477658*^8+7.247393475519818*^8*I,1126.018202187553-1484.7321287006416*I
1.156114915736479*^9-2.983102303982324*^8*I,-463.49483941810337-1796.0274295004688*I
4.7707850880955416*^8-1.08850342748403*^9*I,-1691.14609429398-741.095090248308*I
-5.630124648262465*^8-1.0404135236082743*^9*I,-1616.4011319156057+874.8467943950267*I
-1.1621323232812612*^9-1.896818179433624*^8*I,-294.6747946354748+1805.6731815681912*I
-8.535314138421116*^8+8.033127725195458*^8*I,1248.088267723618+1326.191908792787*I
1.224484598552268*^8+1.1602984735828383*^9*I,1802.7593128671335-190.12694552091898*I
9.956139528377364*^8+5.980634198852823*^8*I,929.2561395526837-1546.6234628633001*I
1.0703523753808732*^9-4.3705003503683496*^8*I,-679.0472500334399-1662.636547707129*I
2.852980377428985*^8-1.1147742216777472*^9*I,-1732.163099285814-442.9603016228097*I
-7.257077220935354*^8-8.861161160620952*^8*I,-1376.998241748109+1127.6216855375192*I
-1.1384249782565694*^9+6.389854112223055*^7*I,99.06341700515081+1768.6706888703375*I
-6.126560484349769*^8+9.554240145684177*^8*I,1484.3304872084616+951.7794287543436*I
4.174418019836324*^8+1.0497831023464003*^9*I,1631.0119086620236-648.5306665387455*I
1.0924602312398624*^9+2.6691749197536048*^8*I,414.67461747745256-1697.156268239295*I
8.437462145803481*^8-7.356323385827893*^8*I,-1143.0410731343877-1310.6980925353184*I
-1.1908580408830997*^8-1.1077767704690235*^9*I,-1721.324832320533+185.1614493975228*I
-9.73994602317372*^8-5.3044332632639885*^8*I,-824.4058977286387+1513.2780617282765*I
-9.84227676201173*^8+5.003096630480744*^8*I,777.0510336213054+1529.0428688352256*I
-1.3973477672534302*^8+1.0900823324701114*^9*I,1693.461027439524+216.92626402724687*I
8.216637232585849*^8+7.221161423032193*^8*I,1121.878480527852-1276.699621995319*I
1.0521586356454797*^9-2.8037682991108614*^8*I,-435.6396581375539-1634.6985298435775*I
3.458896566768123*^8-1.0271712516356252*^9*I,-1595.9809345841484-537.3688819779654*I
-6.657250426872586*^8-8.489804614134468*^8*I,-1319.1842404237887+1034.2523722544727*I
-1.0698177428444911*^9+9.453556445345837*^7*I,146.75255938862566+1661.9986342920274*I
-4.979899252625602*^8+9.459689668804059*^8*I,1469.6297598669194+773.5885867455984*I
5.267031161942864*^8+9.246151393089644*^8*I,1436.4233374983514-818.4038071119448*I
1.0580183459847841*^9+4.910202212431079*^7*I,76.14772715524856-1643.9424296933455*I
6.006704047598213*^8-8.664229881506344*^8*I,-1346.1814860931647-933.4685126255004*I
-4.173729607627902*^8-9.629851105228165*^8*I,-1496.0641737185638+648.2405552171854*I
-1.0341326848051062*^9-1.4828856856709066*^8*I,-230.2672202741216+1606.5970492682093*I
-6.614689347739235*^8+8.023589104160193*^8*I,1246.6119018318943+1027.6827153794704*I
3.4386377874047804*^8+9.763244630049032*^8*I,1516.796398294834-534.3066595903196*I
1.0098165888509005*^9+2.0440648457199758*^8*I,317.5134611171876-1569.0557604706328*I
6.867076302234476*^8-7.617218649745846*^8*I,-1183.440712680097-1067.0899562575742*I
-3.090278764307117*^8-9.730382775927006*^8*I,-1511.6887676036172+479.9424020197438*I
-9.922648852935365*^8-2.1957366512129134*^8*I,-341.0066715405272+1541.4702623587805*I
-6.810400517350528*^8+7.478893925254133*^8*I,1162.1479726584569+1057.9979713190407*I
3.127148611314605*^8+9.570373806586372*^8*I,1487.0669513975974-485.8440187532183*I
9.830596198338454*^8+1.9531047165174338*^8*I,303.4955730313471-1527.28463444562*I
6.45464534039063*^8-7.607070023563663*^8*I,-1181.896075306935-1002.8640986652865*I
-3.537070815594834*^8-9.279741136528002*^8*I,-1441.7056006101413+549.3993961133376*I
-9.796377075775609*^8-1.3250360753529002*^8*I,-205.702774667997+1521.8890626955902*I
-5.78457399989615*^8+7.959199166826825*^8*I,1236.7805497739907+898.6829021963175*I
4.285633774777697*^8+8.806573163046399*^8*I,1368.3949370519504-665.819074866799*I
9.744571355180321*^8+3.1216761082507677*^7*I,48.63267132951496-1513.9265874009336*I
4.7586937206404465*^8-8.458301490723553*^8*I,-1314.0114314711955-739.2637251974365*I
-5.3142529501983327*^8-8.067042217366986*^8*I,-1253.2711395246874+825.7287671689797*I
-9.556141515418518*^8+1.0682626674262987*^8*I,166.00979498061145+1484.7134213699264*I
-3.3296272483692*^8+8.973422612459112*^8*I,1394.2443132821186+517.2817748538581*I
6.519234956148666*^8+6.947567651919512*^8*I,1079.5533540180984-1012.8466182515168*I
9.070972035384558*^8-2.769018361412412*^8*I,-430.08277044870704-1409.2244947095148*I
1.4710349277548173*^8-9.325172289960154*^8*I,-1448.722984073928-228.4426240025471*I
-7.731940444451421*^8-5.3400393359084195*^8*I,-829.5710589278491+1201.3743533100685*I
-8.10221004808231*^8+4.672901175094978*^8*I,726.0813212012347+1258.9337719104778*I
7.871965422863989*^7+9.277399765844873*^8*I,1441.3856493633377-122.16268315851389*I
8.708712217389343*^8+3.1712894908165413*^8*I,492.659752740918-1352.9633986561432*I
6.476643572532524*^8-6.569693267974961*^8*I,-1020.6883263926437-1006.237629431275*I
-3.3053665759651935*^8-8.567651272643741*^8*I,-1331.0167613702604+513.5949259179129*I
-9.128263139605304*^8-4.685851591161128*^7*I,-72.71403650931761+1418.3594913471534*I
-4.0870905913577265*^8+8.128843805928987*^8*I,1262.9509312520015+635.1630964192894*I
5.800468966890038*^8+6.956343206351428*^8*I,1080.7205021497412-901.0433754563603*I
8.639237750636969*^8-2.5776078217480317*^8*I,-400.56585202581704-1342.1282699064805*I
9.865328984056477*^7-8.91924638636286*^8*I,-1385.8357574145616-153.2298203311141*I
-7.815852814099761*^8-4.324864585724607*^8*I,-671.9504029537164+1214.312352659937*I
-6.941404734209276*^8+5.5563990036225*^8*I,863.327492580657+1078.5149346919338*I
2.527789410367448*^8+8.48225546468745*^8*I,1317.8485936626762-392.5754215508397*I
8.774165019114609*^8+8.002929595115155*^7*I,124.223472479532-1363.0632582465528*I
3.9441666724095863*^8-7.832307572378231*^8*I,-1216.9948589683052-612.7360053813453*I
-5.845612513545047*^8-6.482751740825654*^8*I,-1007.2624865424478+908.2419685436602*I
-8.106724741781799*^8+3.127715672419979*^8*I,485.8636753948607+1259.56447546969*I
6.583913344052221*^6+8.649381709378839*^8*I,1343.7071522411436-10.211152974354894*I
8.093640054543836*^8+2.9355922821816576*^8*I,456.02693256134904-1257.490639577548*I
5.510652807079252*^8-6.563370745143466*^8*I,-1019.7413978323888-856.1234427606025*I
-4.2900897802445495*^8-7.373006111773168*^8*I,-1145.5858905147593+666.625241422341*I
-8.343797205659413*^8+1.5761999700699502*^8*I,244.75387544365682+1296.3789477360478*I
-1.2510699970173061*^8+8.359707442707548*^8*I,1298.694605529829+194.35495164688064*I
7.468026989970841*^8+3.875388575660936*^8*I,602.0005275947824-1160.2931350727151*I
6.028552319738598*^8-5.812936504629134*^8*I,-903.2354495601263-936.6683057391865*I
-3.60700382057601*^8-7.515625725255014*^8*I,-1167.7187580857956+560.3403644687227*I
-8.22502078120989*^8+1.099151525531707*^8*I,170.77183054871682+1277.880487692481*I
-1.4503694634615391*^8+8.131874659495999*^8*I,1263.3445463854314+225.39284497979799*I
7.29040799213707*^8+3.802171740048276*^8*I,590.5700858287756-1132.685176236336*I
5.7531901064516*^8-5.820256896901417*^8*I,-904.3877646467336-893.9401423739502*I
-3.888550818323501*^8-7.158760729484053*^8*I,-1112.2716673141435+604.0626611211767*I
-7.93267029919047*^8+1.6842276242521554*^8*I,261.6344231051613+1232.4029114348027*I
-5.958417371137439*^7+8.050111853758479*^8*I,1250.683323533267+92.50381862850229*I
7.543386491310153*^8+2.7671087986366075*^8*I,429.90075452456085-1172.0152621828634*I
4.673039404476153*^8-6.490621477218208*^8*I,-1008.4877985554874-726.0251875027795*I
-5.004940359722768*^8-6.191141367324775*^8*I,-962.0030490297704+777.5344936260892*I
-7.242339657762533*^8+3.2181571320810175*^8*I,499.94418516135096+1125.0801097772867*I
1.2714555831371194*^8+7.785090012003518*^8*I,1209.549312486118-197.63422632739318*I
7.820834493760648*^8+6.9723548583885*^7*I,108.3107905230579-1215.1422214234783*I
2.5640153241415596*^8-7.383262567268283*^8*I,-1147.12979540326-398.43311274402294*I
-6.532727094632784*^8-4.2256242372838014*^8*I,-656.5036972272152+1014.8989950854444*I
-5.601625878907195*^8+5.34763153291993*^8*I,830.831597073351+870.268891064918*I
3.918852487803661*^8+6.638351019165004*^8*I,1031.3210762464182-608.9220629397861*I
7.307341079672898*^8-2.3402303889054698*^8*I,-363.6171806001295-1135.421078591375*I
-7.02905402784698*^7-7.605763185709354*^8*I,-1181.6528035510903+109.10987337292737*I
-7.548423069311712*^8-9.113897715421994*^7*I,-141.55520776825125+1172.68974435332*I
-2.4298448170230886*^8+7.167196971674889*^8*I,1113.5916514827234+377.4610469537759*I
6.507755774108822*^8+3.794449310241244*^8*I,589.5480880441182-1011.0982279857708*I
4.962969274824282*^8-5.621016436062872*^8*I,-873.3523553588943-771.1142965455712*I
-4.563288692433064*^8-5.907035578117647*^8*I,-917.7623446472568+708.8714307887308*I
-6.61235278652328*^8+3.388620769644732*^8*I,526.5432426272872+1027.2302770456467*I
2.1517606104602748*^8+7.075555114905354*^8*I,1099.3726084689783-334.3604863784479*I
7.306450961259193*^8-9.000039151962617*^7*I,-139.78623586869494-1135.2074978295689*I
3.250427343204548*^7-7.320902983162156*^8*I,-1137.3790631383213-50.52543680549278*I
-7.140723013733925*^8-1.489149533259923*^8*I,-231.34263390933893+1109.4009346845648*I
-2.564684772894113*^8+6.792748165722146*^8*I,1055.3767813655777+398.39649426776737*I
6.305354902525815*^8+3.531738453475896*^8*I,548.768836942839-979.7160297146327*I
4.378518234965842*^8-5.70850824620571*^8*I,-886.8391427990873-680.3070573799686*I
-5.028916099325132*^8-5.098519263041894*^8*I,-792.081263191235+781.2952937741974*I
-5.689941967823775*^8+4.293649354059487*^8*I,667.1606312903705+883.9943680619543*I
3.5275273313543993*^8+6.156322859848151*^8*I,956.5384011493253-548.0551136819325*I
6.505120618880702*^8-2.750819762651581*^8*I,-427.37786339049643-1010.69122813009*I
-1.982121565586822*^8-6.745480245282562*^8*I,-1047.9805276615389+307.89382146700336*I
-6.888422932591438*^8+1.2346858072891375*^8*I,191.91608536925528+1070.1904730038423*I
5.222587741313127*^7+6.94619168718834*^8*I,1079.2750846657507-81.15334431681683*I
6.932363200752938*^8+1.477724521208441*^7*I,23.027005526569344-1077.063862378197*I
7.692824834488498*^7-6.859352759109894*^8*I,-1065.6502387844241-119.49251122170305*I
-6.738818333019978*^8-1.3379671284137437*^8*I,-207.86318406486097+1046.9980019869968*I
-1.8520778805616125*^8+6.5832246550094*^8*I,1022.8411783082814+287.6934476667017*I
6.403156370859418*^8+2.3104703689348248*^8*I,359.06219697954214-994.8687948980083*I
2.7156738393359345*^8-6.208501206966058*^8*I,-964.5147969849667-421.89787699486425*I
-6.006841472976216*^8-3.0682433749148995*^8*I,-476.64860575482567+933.2793406247602*I
-3.3705501077582*^8+5.806527054228709*^8*I,902.1942651981956+523.6875956671431*I
5.614050974458554*^8+3.625952467095*^8*I,563.3731617467714-872.2202396038101*I
3.837102065632473*^8-5.434391161729183*^8*I,-844.2885607952402-596.1796212723076*I
-5.2719499097576094*^8-4.0072709886849654*^8*I,-622.5120828944146+819.082464415487*I
-4.1380665143614346*^8+5.130478727898753*^8*I,797.16376778679+642.9461550261732*I
5.0127454168642986*^8+4.233254077068697*^8*I,657.7498344935026-778.8073403790496*I
4.294524238753307*^8-4.920884768027194*^8*I,-764.4745253996994-667.1950316466394*I
-4.8552144652053523*^8-4.3232095385945183*^8*I,-671.6568871852925+754.3894017495835*I
-4.320594269569144*^8+4.8175883084326684*^8*I,748.5042432339552+671.2643664016546*I
4.807407140970783*^8+4.287106287986698*^8*I,666.1406358343855-746.9267905646369*I
4.2236121487117165*^8-4.824583714972695*^8*I,-749.5125442719581-656.1720272574016*I
-4.86693632796102*^8-4.1288988709986377*^8*I,-641.4450207641415+756.1966329811186*I
-4.0017535126820457*^8+4.93411061831845*^8*I,766.6412781912321+621.780152958673*I
5.0231546627325565*^8+3.841898394667807*^8*I,596.9095550665328-780.3973363684253*I
3.6468883346099895*^8-5.1308291389652807*^8*I,-797.1392494145906-566.614182922683*I
-5.2534737820310104*^8-3.4152363057286114*^8*I,-530.5406918905936+816.2261115636809*I
-3.144023987311168*^8+5.386444573826878*^8*I,836.9270135041364+488.52175569984587*I
5.524974105233418*^8+2.832079343896648*^8*I,440.04064891692104-858.3639018100807*I
2.4775147320186976*^8-5.661792766456302*^8*I,-879.6229565364418-384.88187191723824*I
-5.7896440441957*^8-2.0785311709835133*^8*I,-322.9189031593921+899.5499743274114*I
-1.6342921078469205*^8+5.901070859999373*^8*I,916.8612697329532+253.91727207135685*I
5.986696348775868*^8+1.1451288594015709*^8*I,177.96264461792632-930.1119596852633*I
6.1316722836241096*^7-6.036220144443948*^8*I,-937.7896552000733-95.22755088155648*I
-6.038992229929564*^8-4.0504766283729947*^6*I,-6.2520685289004865+938.2987384996062*I
5.6803889617443986*^7+5.984586654660456*^8*I,929.8281384763308-88.2105309252721*I
5.86154035939699*^8-1.2043428033283266*^8*I,-187.109257385367-910.665601461095*I
-1.8594591241140226*^8-5.658848025690796*^8*I,-879.169052228066+288.91261743557624*I
-5.3664717775042975*^8+2.5206132037438387*^8*I,391.6639320118149+833.7909344367456*I
3.172925251167753*^8+4.976215628481138*^8*I,773.1885079034196-492.9342796050884*I
4.482244016737922*^8-3.7978438292130613*^8*I,-590.0361736090805-696.330317043493*I
-4.3745869124011666*^8-3.880426256009567*^8*I,-602.894787764687+679.699538455482*I
-3.1726511205162424*^8+4.880106808222769*^8*I,758.2349431155743+492.9264151488791*I
5.2897972100146323*^8+2.3643105360528*^8*I,367.37340859397887-821.8340659032656*I
1.4677239287580082*^8-5.577686044837865*^8*I,-866.559121205006-228.00498226959547*I
-5.71900784319672*^8-5.0026538362272605*^7*I,-77.68383630613388+888.5867728000177*I
5.128607528011382*^7+5.691491951160967*^8*I,884.280553464514-79.63773821076826*I
5.476222985429101*^8-1.5391463063824743*^8*I,-239.12457319301453-850.8109440131482*I
-2.539808432078747*^8-5.0606650140890783*^8*I,-786.228326539199+394.62995400356976*I
-4.4404309567518115*^8+3.4710623744694084*^8*I,539.3105635578136+689.9194140969665*I
4.284211898105481*^8+3.622243099814773*^8*I,562.818825549547-665.610631945653*I
2.6251516526076722*^8-4.929213927077655*^8*I,-765.8064128376957-407.8055285495354*I
-5.3579382685678935*^8-1.48053444212726*^8*I,-230.026923224786+832.482645173849*I
-2.3574147445112422*^7+5.528239187683262*^8*I,858.9280056842241+36.63392803202564*I
5.407215288840265*^8-1.0487389658432972*^8*I,-162.91656252303372-840.0848204062913*I
-2.3004034274022365*^8-4.9767258464129543*^8*I,-773.1826849748684+357.4256542358059*I
-4.237409221953577*^8+3.438854478770098*^8*I,534.3274432428015+658.3991215072002*I
4.37989638954456*^8+3.213673904331719*^8*I,499.3009188979012-680.4569951229737*I
1.9535462817220643*^8-5.042247486212949*^8*I,-783.3861410656907-303.5054343155464*I
-5.3561962105680907*^8-5.314494545043937*^7*I,-82.54155164640362+832.1979406533096*I
9.552470765933324*^7+5.2718499871994454*^8*I,819.1045109913568-148.40477838007413*I
4.767475817760127*^8-2.3906847809552482*^8*I,-371.3963568908531-740.6774709750945*I
-3.648763564009774*^8-3.855912597832859*^8*I,-599.0692823861629+566.9359861568765*I
-2.591069284695401*^8+4.605345511564789*^8*I,715.5430371875661+402.5797658280693*I
5.1505291022239894*^8+1.0679979213742846*^8*I,165.95109626076615-800.2034852295284*I
-5.801923713752151*^7-5.203670876558718*^8*I,-808.4612312575568+90.1492812976767*I
-4.7282880680101895*^8+2.1919842230648786*^8*I,340.61263382875023+734.6380035031182*I
3.5921464266969764*^8+3.743051983951114*^8*I,581.5738734709681-558.0696955874283*I
2.328215567282234*^8-4.609459966170745*^8*I,-716.1461653461537-361.7078967344854*I
-5.1021826724976873*^8-6.244266611482379*^7*I,-96.99763025552468+792.7285999454807*I
1.1755615029479595*^8+4.97968487759437*^8*I,773.7076982113676-182.65091580796476*I
4.223231085486152*^8-2.847042759161689*^8*I,-442.29265849592593-656.1387729127418*I
-4.1594107133130246*^8-2.8985577591453177*^8*I,-450.3155482778987+646.269356981536*I
-1.159383112987329*^8+4.911390878336759*^8*I,763.0916171610362+180.14037815293082*I
4.9647983486924547*^8-7.645262444052733*^7*I,-118.7640129627761-771.3609596193129*I
-2.592894307410462*^8-4.27544195092484*^8*I,-664.2394077808182+402.85320300482374*I
-2.913654068604987*^8+4.0351232170033824*^8*I,626.9677022970187+452.69218884440977*I
4.837910663222332*^8+1.067827757129799*^8*I,165.93540962703096-751.6448837611322*I
-9.737904845420726*^7-4.83457306693075*^8*I,-751.11009903241+151.31174304081128*I
-3.98742784182525*^8+2.863180789747833*^8*I,444.86429863909046+619.5236507264872*I
4.249750170131464*^8+2.4115379219944692*^8*I,374.69839971312535-660.2851041357675*I
3.70430788603626*^7-4.8499062027667224*^8*I,-753.4867854573093-57.55447511129443*I
-4.510950825563559*^8+1.7582935181624123*^8*I,273.2222024863044+700.8591393418869*I
3.5488008187904143*^8+3.260622580252031*^8*I,506.62074469196205-551.3579513321666*I
1.3213056922961403*^8-4.6116783110643446*^8*I,-716.4980787732068-205.29179516766285*I
-4.6864233027064174*^8+9.163679885853718*^7*I,142.40416473062902+728.1057499108691*I
2.96451223172135*^8+3.715375172156394*^8*I,577.2798980103597-460.602272600278*I
1.8810197034461766*^8-4.3415186013100517*^8*I,-674.4993088556421-292.25192116383846*I
-4.691464492166772*^8+4.1295072077336624*^7*I,64.17923083570048+728.9088222303186*I
2.6188713323994875*^8+3.888235229772949*^8*I,604.1231180107641-406.90824009059054*I
2.0920169773063666*^8-4.171310061015776*^8*I,-648.0671153477385-325.0421052562421*I
-4.6376608777694607*^8+2.626746189250835*^7*I,40.832968365782556+720.5242416953955*I
2.5584881404272527*^8+3.851172587578619*^8*I,598.3835640764335-397.52135014199246*I
1.9864365539150164*^8-4.151706398135932*^8*I,-645.0311541621043-308.6316366173017*I
-4.558343660754509*^8+4.585608165903238*^7*I,71.26209396007062+708.2056366119414*I
2.778626103288275*^8+3.615874922787042*^8*I,561.7989913717136-431.7319578026106*I
1.5657582576827967*^8-4.26072815414429*^8*I,-661.9607514026245-243.30040294415764*I
-4.409875906640363*^8+9.846561630414495*^7*I,153.011927761699+685.1489550839574*I
3.226571760635952*^8+3.1333598065663403*^8*I,486.82655888478496-501.32446412336833*I
8.094298077040903*^7-4.403253595736008*^8*I,-684.1195275746359-125.77820485917557*I
-4.077040112933991*^8+1.799494891309871*^8*I,279.5887902273939+633.4157348952626*I
3.7839552646662915*^8+2.314870360479021*^8*I,359.67320604342774-587.9361587924267*I
-2.900435506008236*^7-4.406102416688109*^8*I,-684.5631297593839+45.05165625022429*I
-3.392442698507558*^8+2.7946834056397283*^8*I,434.20980780373344+527.0587003345818*I
4.239519340577562*^8+1.0806512517973398*^8*I,167.89189781242953-658.7079873076113*I
-1.660809507741638*^8-4.025927912835674*^8*I,-625.5061114116236+258.01033949988107*I
-2.1914731812146938*^8+3.7403055749375385*^8*I,581.1299790798477+340.4605961888586*I
4.279505247440912*^8-5.52656966861896*^7*I,-85.86583030368999-664.9193893700013*I
-3.068211446263836*^8-3.0059110022109187*^8*I,-467.03321596631946+476.69623444686897*I
-4.23095327170966*^7+4.254586047189034*^8*I,661.0125015847053+65.71055850184011*I
3.546045762857859*^8-2.3531457702262115*^8*I,-365.61575484756537-550.9683847552428*I
-4.0582914004249775*^8-1.21547496196458*^8*I,-188.85017064919276+630.5138106885921*I
1.6879614144407052*^8+3.8643209346591204*^8*I,600.3850279533016-262.26464798417027*I
1.8147938572268578*^8-3.784827669663657*^8*I,-588.0685143147514-281.9728550716191*I
-4.0226715275277036*^8+1.1295573747725621*^8*I,175.48340279914396+624.9831352329646*I
3.5079378085146487*^8+2.2342495956410265*^8*I,347.1136594958693-545.0398254536664*I
-7.082419852106877*^7-4.078858452292799*^8*I,-633.7390055594733+110.03185356848304*I
-2.4963391661761877*^8+3.278780488928986*^8*I,509.40518960410066+387.8525120683663*I
4.07867728969251*^8-4.3615406199580975*^7*I,-67.78965191641154-633.7002325466673*I
-3.1289120082939935*^8-2.6232540757433382*^8*I,-407.5961233636189+486.13156129415495*I
3.1658954985526126*^7+4.0520352237995404*^8*I,629.5478890394611-49.19519745712043*I
2.6304972216584754*^8-3.0737069061555487*^8*I,-477.5734990754877-408.69089885759496*I
-4.011999540087014*^8+3.477053807517714*^7*I,54.00638835944182+623.3537881276027*I
3.1150447898355037*^8+2.523012389063526*^8*I,391.97210439750756-483.9781309849931*I
-5.260356672756648*^7-3.9552972915000445*^8*I,-614.5444995845994+81.73544058588153*I
-2.29547089062257*^8+3.241358587298855*^8*I,503.59745230397317+356.6538538532917*I
3.8621116376920193*^8-8.456699610726477*^7*I,-131.40019656085641-600.0367727506818*I
-3.4269853287206763*^8-1.9346409696926838*^8*I,-300.59891766389654+532.4670399694194*I
1.2946182038726357*^8+3.697258552159905*^8*I,574.4313033474522-201.1333668264074*I
1.423471618942892*^8-3.6302167908001304*^8*I,-564.0344099608383-221.1499794332022*I
-3.413284329473606*^8+1.8478625004117855*^8*I,287.1075177194461+530.3337257300174*I
3.7903487132850134*^8+7.49121791056941*^7*I,116.38645091156026-588.8813079344518*I
-2.45979906043067*^8-2.9562768973824805*^8*I,-459.3168908074577+382.19709169921555*I
8.422186893893372*^6+3.827251013843737*^8*I,594.636142821696-13.076110479091655*I
2.276586535997051*^8-3.055839849580071*^8*I,-474.772064311656-353.6999132406436*I
-3.6474172035264546*^8+1.0407986797128396*^8*I,161.71815560479547+566.7176572312848*I
3.5272335161705905*^8+1.3469679110152683*^8*I,209.28514143232857-548.0115970234364*I
-2.0377663781656086*^8-3.1578934744832367*^8*I,-490.6345134982913+316.61925138012305*I
-1.869942635191421*^7+3.7363048739739084*^8*I,580.5244652792692+29.055511466885502*I
2.2925688685837394*^8-2.9345415797122896*^8*I,-455.9243968008828-356.18707787151163*I
-3.5363641966806096*^8+1.1107228318192819*^8*I,172.59225655148185+549.4514758664777*I
3.536747417017186*^8+1.0513533011375743*^8*I,163.35642783566462-549.4995228094549*I
-2.3620168487024757*^8-2.812531784815357*^8*I,-436.968548047551+366.9828354701198*I
4.568473333765791*^7+3.627156943570384*^8*I,563.568571305716-70.98843378667623*I
1.543021005701899*^8-3.2958196869877213*^8*I,-512.0538405969497-239.7388662778195*I
-3.030272988164346*^8+1.984684960630484*^8*I,308.37049559486104+470.8088014115761*I
3.60321074481555*^8-1.3312572563358791*^7*I,-20.678020229846485-559.8429650161411*I
-3.157041653633291*^8-1.70750702652966*^8*I,-265.28278008587523+490.49559335228713*I
1.8749684068595454*^8+3.0410831464048576*^8*I,472.502646244381-291.32609201204235*I
-1.4310392977121046*^7-3.553382863171492*^8*I,-552.0851958153983+22.225344574657004*I
-1.5770114440390757*^8+3.169240426437465*^8*I,492.4047141536285+245.00609355468748*I
2.87292037681067*^8-2.0401179291544634*^8*I,-316.97659598244223-446.38201924644034*I
-3.475015755035037*^8+4.764181174171214*^7*I,74.02245846127497+539.8976697129837*I
3.29772933576312*^8+1.1464613657622421*^8*I,178.12277653541585-512.3774603990029*I
-2.4338289172225508*^8-2.4807558818531248*^8*I,-385.4472540149527+378.1369863647809*I
1.1076422675721149*^8+3.2772299839047766*^8*I,509.1724126371189-172.10810386677306*I
3.896541774265117*^7-3.4212943412656647*^8*I,-531.5763296988036-60.55007196517403*I
-1.7687609079307362*^8+2.9360190050811*^8*I,456.1621666039867+274.8112860615291*I
2.795732428689593*^8-1.9556876587960702*^8*I,-303.87220371251334-434.3743144645662*I
-3.326565427867281*^8+6.842946083887029*^7*I,106.30518395573752+516.850200110822*I
3.3171946226619965*^8+6.517611153138745*^7*I,101.25188113803746-515.3953929930705*I
-2.8144920377498037*^8-1.844510108174407*^8*I,-286.5899503660506+437.2962764100585*I
1.9333220498802152*^8+2.735400095535109*^8*I,424.9910935143733-300.37179893317403*I
-8.270948123102298*^7-3.229974602237468*^8*I,-501.8547340351402+128.5174828265345*I
-3.4149358778439075*^7+3.301287331533642*^8*I,512.9172015882091+53.06413951239498*I
1.424914608445365*^8-2.9805763277072865*^8*I,-463.0935186695793-221.37884928725111*I
-2.3077204452404392*^8+2.3426920659424868*^8*I,363.98629320855065+358.56825310837695*I
2.915609461586031*^8-1.4880724590860558*^8*I,-231.20453292944867-452.9890926602411*I
-3.215669308453264*^8+5.252800790174705*^7*I,81.6175418528731+499.6294675667758*I
3.212987576570753*^8+4.4298041648501605*^7*I,68.83563364451844-499.19692398396376*I
-2.9413880958997315*^8-1.3308507523088299*^8*I,-206.7654129465597+457.01586303835234*I
2.4544945694983822*^8+2.0743109652252135*^8*I,322.2961123590807-381.35061497394753*I
-1.8156223834518513*^8-2.6337132827867532*^8*I,-409.19424543828615+282.0959755156839*I
1.0892880853471598*^8+2.9919900728598124*^8*I,464.88176449289847-169.24732454304186*I
-3.3537931090122405*^7-3.151787214728932*^8*I,-489.68314703732705+52.108476775481456*I
-3.9603219231074594*^7+3.13000304453867*^8*I,486.31902189967434+61.528226633837726*I
1.0662150694635686*^8-2.953954351087924*^8*I,-458.95391695543407-165.6677062860285*I
-1.6488264208757538*^8+2.6558608130601418*^8*I,412.6525630862666+256.1678502098459*I
2.1286484077023214*^8-2.2696797529744494*^8*I,-352.6387045256199-330.7378751871528*I
-2.5007692463313484*^8+1.827606968315188*^8*I,283.95795015497316+388.53829427822984*I
2.767713972042174*^8-1.3584386742143464*^8*I,-211.06788987610378-430.03400693797846*I
-2.938256514092304*^8+8.863591338051997*^7*I,137.7122855480373+456.50938352583944*I
3.024439891269711*^8-4.300129404916014*^7*I,-66.81712010183486-469.9185713985013*I
-3.040865724115298*^8+349190.4879599058*I,0.5344498931945517+472.46153488606234*I
3.002361778937179*^8+3.843996340217781*^7*I,59.7110999499055-466.4857725951858*I
-2.923704028451507*^8-7.280531039879051*^7*I,-113.12592333220489+454.2574529636123*I
2.8182526446666044*^8+1.025840357051891*^8*I,159.37796719988307-437.87257091106477*I
-2.698030100218752*^8-1.2777831455424021*^8*I,-198.53932064578314+419.2044640285449*I
2.5734387424009913*^8+1.4860510587447083*^8*I,230.88009295974126-399.8342132530444*I
-2.4525732154901096*^8-1.6535948507368413*^8*I,-256.9240368235326+381.0681850728976*I
2.3425500836455974*^8+1.7838230060264266*^8*I,277.1547663178078-363.95802457866085*I
-2.2483157803416052*^8-1.8801453751743272*^8*I,-292.12029236531663+349.33810135521975*I
2.173803798270523*^8+1.9457344430260992*^8*I,302.31289234598233-337.741383585619*I
-2.1215054013258636*^8-1.9830603451032996*^8*I,-308.1049554720777+329.62775802974465*I
2.0928744207922718*^8+1.9939089412565416*^8*I,309.80704951350606-325.168451294524*I
-2.0885143769771487*^8-1.9792763200033894*^8*I,-307.51602611554335+324.50182050720576*I
2.107817355899898*^8+1.9391655378497282*^8*I,301.29790290112055-327.4979919823034*I
-2.149619802198923*^8-1.8728560794385338*^8*I,-290.97875300301456+333.9874277892962*I
2.2112686955652252*^8+1.778706392059259*^8*I,276.3686463889183-343.5749641961426*I
-2.2895690246353927*^8-1.654647325599874*^8*I,-257.08084014893905+355.73110416460406*I
2.37961514816602*^8+1.4979819612411296*^8*I,232.744583772058-369.7356866579975*I
-2.4756162779182643*^8-1.3060213893745051*^8*I,-202.91783912957212+384.63192165691174*I
2.5697772068568844*^8+1.0763276178294756*^8*I,167.22974276528907-399.27883450113853*I
-2.6532466243089306*^8-8.071539836564197*^7*I,-125.41481833516877+412.2365351898137*I
2.7152429293958145*^8+4.98181232925978*^7*I,77.3939035258118-421.8802268941406*I
-2.7437255409832287*^8-1.5113165728664966*^7*I,-23.486609087500465+426.2965684833638*I
2.725607340986595*^8-2.295499802858459*^7*I,-35.67389374880455-423.48238169458784*I
-2.647355278056144*^8+6.360851580725634*^7*I,98.82264941359256+411.3302918054877*I
2.496009720155035*^8-1.055956255678527*^8*I,-164.0744461171749-387.80651315894005*I
-2.2602809133935025*^8+1.4726832782507595*^8*I,228.8138052776793+351.19054567796775*I
1.9325100862863332*^8-1.8645663452079535*^8*I,-289.70351410524626-300.2487889295333*I
-1.5101165897440967*^8+2.2055403487411097*^8*I,342.68164391544775+234.63817576509808*I
9.982288698267892*^7-2.4663867452947357*^8*I,-383.2062737840451-155.092339896389*I
-4.1101793060213014*^7+2.6163721475412634*^8*I,406.5215689141996+63.864165747216234*I
-2.262784425326069*^7-2.626613953994937*^8*I,-408.09757768765013+35.16214151266035*I
8.770240203755336*^7+2.473306179762725*^8*I,384.2903734860089-136.26756091490606*I
-1.4935571402989343*^8-2.143070916744415*^8*I,-332.96804075704335+232.0544369716602*I
2.0200661850326136*^8+1.63709739943672*^8*I,254.36587279269472-313.86996405180935*I
-2.3970013108902207*^8-9.764083152367422*^7*I,-151.70382348292517+372.4253334782661*I
2.5681975703240722*^8+2.0421032962022867*^7*I,31.72552139365865-399.0370792901201*I
-2.490145393231281*^8+6.131477312522789*^7*I,95.26581673753768+386.89369094879953*I
2.141470540967996*^8-1.389380555198602*^8*I,-215.87683863820138-332.73012056449693*I
-1.5332896953489032*^8+2.0262606982507408*^8*I,314.81990011345573+238.22932561127803*I
7.157120764848189*^7-2.425887091122429*^8*I,-376.9263057604736-111.20237569820918*I
2.201099172407058*^7+2.5080669265390822*^8*I,389.68175922555605-34.19852570903948*I
-1.147104796438389*^8-2.2281419751597014*^8*I,-346.197400050419+178.2363324467981*I
1.9178464239862707*^8+1.5953009525435817*^8*I,247.8626364541094-297.9763249088033*I
-2.3872870243850306*^8-6.83159932298985*^7*I,-106.14426135281238+370.92657377955186*I
2.4439523428616983*^8-3.696420219006734*^7*I,-57.42909186325891-379.71969784754793*I
-2.040770315644614*^8+1.3742725486817595*^8*I,213.53095839341748+317.08694052963347*I
1.2208206151028726*^8-2.1231023009050292*^8*I,-329.8701133472428-189.68078914424402*I
-1.259482967082001*^7+2.434547722584101*^8*I,378.27181222408836+19.566108640239158*I
-1.0167236193047439*^8-2.2033752140912288*^8*I,-342.3399286475802+157.97062317929743*I
1.936644159409542*^8+1.4435328665939*^8*I,224.28921041794143-300.90847238525436*I
-2.3845555877077994*^8-3.083279373716954*^7*I,-47.90492614870971+370.4909787423754*I
2.2068431234783667*^8-9.26153915058204*^7*I,-143.90141856076508-342.89223801812307*I
-1.410125091241592*^8+1.920187086746173*^8*I,298.3445969539083+219.09257381772554*I
1.87747438758001*^7-2.3639228735269085*^8*I,-367.29923927680625-29.172353894941264*I
1.1089868093922451*^8+2.0837807094872594*^8*I,323.7594097014604-172.31014262831795*I
-2.062944461992346*^8-1.1247228495635529*^8*I,-174.75606182252494+320.53165786659224*I
2.327708743219762*^8-2.281251152273588*^7*I,-35.449781753085325-361.6604298701137*I
-1.7672141442129007*^8+1.5155698278596678*^8*I,235.47902395002788+274.5840472644457*I
5.426085496370296*^7-2.2529913656265983*^8*I,-350.0552323450773-84.3019203169102*I
9.061877824275906*^7+2.1213193675675815*^8*I,329.6028170535686-140.79404286934243*I
-2.001042142428938*^8-1.1261420585343903*^8*I,-174.96897705333762+310.9139930796861*I
2.257687219422511*^8-3.561317836562311*^7*I,-55.329485510502636-350.78845355415086*I
-1.5183825342098525*^8+1.6942922885570902*^8*I,263.25630909481674+235.9145452080372*I
7.332778510919433*^6-2.263484746162253*^8*I,-351.68548402965723-11.395699936194822*I
1.418490758499736*^8+1.7519954752328715*^8*I,272.21458348506684-220.40411045230138*I
-2.2143990022899967*^8-3.628485337545868*^7*I,-56.378143342962666+344.05596420800964*I
1.8681510552357176*^8-1.224287710336999*^8*I,-190.22759773529535-290.26527576512797*I
-5.138667393495235*^7+2.163157178526955*^8*I,336.09432021280566+79.84068351194503*I
-1.1361116672870302*^8-1.8992189353714994*^8*I,-295.0953324198346+176.52445010954258*I
2.1374891755676237*^8+5.330504593480888*^7*I,82.81916940755248-332.1086763277775*I
-1.860248171172341*^8+1.1609880757213639*^8*I,180.38782827152968+289.0413424185082*I
4.238576601351921*^7-2.1412169475305265*^8*I,-332.6912787282583-65.85140460181242*I
1.2925231449614368*^8+1.7464528058266735*^8*I,271.3587552211908-200.824194515337*I
-2.154744314596452*^8-1.8568719837350454*^7*I,-28.84482584002663+334.79598296553155*I
1.534954633217624*^8-1.5094679844057095*^8*I,-234.53116031297887-238.49396839716104*I
1.8088157307680693*^7+2.1352632590776634*^8*I,331.77062840759106-28.109983222826486*I
-1.7692943149423516*^8-1.1914887080974533*^8*I,-185.1249594625762+274.9010452595297*I
2.0178851309916976*^8-6.605782400554516*^7*I,-102.64043379514851-313.5332022847395*I
-6.847223458540733*^7+1.9995550253366587*^8*I,310.6783472515461+106.38432852401436*I
-1.2053447239923999*^8-1.724270821823816*^8*I,-267.9127899260426+187.2803487584867*I
2.0941299248070127*^8+1.0719807629466536*^6*I,1.6605685942541355-325.3743561261523*I
-1.1850812497288196*^8+1.7148749612841395*^8*I,266.4465311434563+184.1355015153794*I
-7.738662459573637*^7-1.925221842918819*^8*I,-299.13255736238375+120.24436758435381*I
2.0298415400983265*^8+3.817873611706069*^7*I,59.321927707840395-315.3837048374473*I
-1.383660630765077*^8+1.520601237892361*^8*I,236.26833770393927+214.98952988622466*I
-5.9705162535372265*^7-1.957470235993625*^8*I,-304.13934251357705+92.76776071483515*I
1.985932587618322*^8+4.535438631737182*^7*I,70.47325565910893-308.56875257216626*I
-1.3509256230500603*^8+1.5121567093696156*^8*I,234.9552836328652+209.897792516165*I
-6.97968547056686*^7-1.8938723695759907*^8*I,-294.2635016985029+108.44387853087957*I
1.9948202526935613*^8+2.3927732057460144*^7*I,37.17506949197181-309.9513226524934*I
-1.0888058122760013*^8+1.6775412071870777*^8*I,260.6466869413163+169.17349128688235*I
-1.0489251071344909*^8-1.691934517493755*^8*I,-262.8906506043027+162.98013350254786*I
1.9645663911882344*^8-2.5898194647357512*^7*I,-40.24276807647602-305.24436818319964*I
-5.38389505925829*^7+1.8975475709564224*^8*I,294.83487693665325+83.65648645167981*I
-1.5418372111061546*^8-1.2155875079158315*^8*I,-188.8714587348335+239.56969974731885*I
1.6877861514958715*^8-9.854096203067881*^7*I,-153.1068923566181-262.2413065213041*I
3.2951237321876142*^7+1.917268701827627*^8*I,297.9031552162438-51.200140209413306*I
-1.9080585544413567*^8-3.304395446129952*^7*I,-51.33963563044284+296.46567399247994*I
9.18233458771895*^7-1.694785420787101*^8*I,-263.3306979328481-142.67562369054485*I
1.3300150059925905*^8+1.382931369178656*^8*I,214.8735332770714-206.65760123519996*I
-1.6991128323823723*^8+8.721895962472253*^7*I,135.5155694960903+264.00161350176637*I
-3.7657196856021374*^7-1.863432493952049*^8*I,-289.5386017754139+58.512114778367874*I
1.8891442622723952*^8+1.1081148462682815*^7*I,17.214838535145578-293.527406285797*I
-5.5604974671533056*^7+1.7997406860070792*^8*I,279.63878242963375+86.40089656300047*I
-1.6236646451593298*^8-9.377815218832064*^7*I,-145.70762466073694+252.28369566445784*I
1.2457930537820455*^8-1.3897990853299382*^8*I,-215.94007397232167-193.56663009583966*I
1.1243954689029163*^8+1.4789480679296863*^8*I,229.79816702980378-174.70712682309733*I
-1.6426876827222264*^8+8.494242328706324*^7*I,131.98332054474253+255.23339894327023*I
-5.820061819701026*^7-1.746390263817772*^8*I,-271.34985426532614+90.427332875974*I
1.801622533108468*^8-3.341701613155725*^7*I,-51.925230854162145-279.93346226864287*I
1.1386186414577091*^7+1.8203948500913894*^8*I,282.8446113496959-17.692368637235454*I
-1.8140187752204937*^8-7.452739374994536*^6*I,-11.581887876079982+281.85930942149855*I
2.2907204096343584*^7-1.792652102789901*^8*I,-278.53870562601645-35.58858229881026*I
1.7646327596725705*^8+3.4963175877451114*^7*I,54.32529638105541-274.18136992560477*I
-4.3697612646243684*^7+1.7365130324492586*^8*I,269.81837150947416+67.89650285484238*I
-1.713108992735034*^8-4.9224015813235655*^7*I,-76.4786644016906+266.17862528470897*I
5.163824466965249*^7-1.6974242165200675*^8*I,-263.74103716012587-80.23569339589811*I
1.690797725059092*^8+5.1015445000774555*^7*I,79.26528992400681-262.7166674802636*I
-4.7388226161598206*^7+1.6929060728300944*^8*I,263.0389343150682+73.62782394480946*I
-1.7018311855456087*^8-4.0728438169243895*^7*I,-63.28536635615134+264.42817890661667*I
3.099525314903169*^7-1.714047527263209*^8*I,-266.32874910233414-48.157213613011365*I
1.7243473319275504*^8+1.814223441079119*^7*I,28.188432485327183-267.9236833613367*I
-2.184614209023928*^6+1.7257432086347005*^8*I,268.14514576029677+3.3965941953061187*I
-1.7097694450206986*^8+1.6754219507453207*^7*I,26.035750782406783+265.66166534103587*I
-3.836484853285618*^7-1.6664877457873586*^8*I,-258.9334983733759+59.609683178461275*I
1.5850569907806277*^8-6.2057383893643886*^7*I,-96.42378830731073-246.28615572187442*I
8.688329504426235*^7+1.454675283600211*^8*I,226.02323872505906-135.00139645603764*I
-1.2656369973002589*^8+1.1148293761213231*^8*I,173.21905759783945+196.65134672446106*I
-1.3400800737315692*^8-1.0112926582574506*^8*I,-157.13522393865517+208.22245144208895*I
6.900969538753776*^7-1.5220112021094012*^8*I,-236.4901813159817-107.22322308943455*I
1.6346842676649454*^8+3.0810365997733902*^7*I,47.873574535631775-253.99367489840031*I
1.1881872262428371*^7+1.6515412409892824*^8*I,256.6178189732098-18.461551944327336*I
-1.5490211316630208*^8+5.631547352672754*^7*I,87.50522773556764+240.68416184558578*I
-9.856390990408772*^7-1.3115944987483999*^8*I,-203.79311274381507+153.14545228478713*I
9.378735256041959*^7-1.336938686929763*^8*I,-207.7342344209801-145.72742082281823*I
1.5631213615668878*^8+4.463519320548924*^7*I,69.35011607380575-242.87781577841528*I
1.2043184593698505*^7+1.6136487104618534*^8*I,250.72585638607742-18.712286136939994*I
-1.4529587215166047*^8+6.951463821772246*^7*I,108.01205023626302+225.76268837012526*I
-1.1908832343403678*^8-1.0734964925598976*^8*I,-166.79782280323036+185.0416384712694*I
5.072376139392569*^7-1.5131922463580275*^8*I,-235.11687847369035-78.81391447734242*I
1.5796805473691142*^8-1.6817597761496615*^7*I,-26.129921794740422-245.4517148362004*I
8.331269790474008*^7+1.3440254879220715*^8*I,208.83368211394577-129.45441756866921*I
-8.194581937250479*^7+1.3439146617972463*^8*I,208.81614453257458+127.32490417184506*I
-1.5640234150804868*^8-9.346390342745667*^6*I,-14.52391879291045+243.0188425956375*I
-6.75172635558638*^7-1.4058761368205863*^8*I,-218.44659861479946+104.9111469057385*I
8.713927569562836*^7-1.284829062347345*^8*I,-199.63636950469032-135.39461470041857*I
1.5434494380785137*^8+7.587712693975517*^6*I,11.791330920476573-239.82042536237003*I
7.610222693302381*^7+1.3367701517533049*^8*I,207.7092636753884-118.2498857431859*I
-6.890000386788014*^7+1.3673752483346078*^8*I,212.4644240338597+107.05398200653015*I
-1.509267055073662*^8+2.122324830088896*^7*I,32.97607492688673+234.50927068062222*I
-1.0519449349682707*^8-1.0931666467159303*^8*I,-169.8590838708982+163.45231263027736*I
2.376940822285251*^7-1.4913111748766547*^8*I,-231.7221069592595-36.930670967924705*I
1.3128860000620762*^8-7.321010018737042*^7*I,-113.75457992866882-203.9944283876635*I
1.392236484284511*^8+5.482564477388342*^7*I,85.18977938229673-216.32661974545104*I
4.856409821257149*^7+1.408027546287753*^8*I,218.782671455858-75.46128628249103*I
-7.25115570480816*^7+1.2931582885410045*^8*I,200.93277801029663+112.66677855763224*I
-1.4345044312061974*^8+3.4657121775746524*^7*I,53.84955241713385+222.89299856701467*I
-1.2405979389645365*^8-7.866669174192*^7*I,-122.23443998082433+192.766525605428*I
-3.2493811064665936*^7-1.425680129491936*^8*I,-221.52502673184156+50.49213736404246*I
7.443815893619728*^7-1.250782835518718*^8*I,-194.34778216665035-115.66092466759986*I
1.3867579303551933*^8-4.196006517526438*^7*I,-65.19647817619281-215.47604189020555*I
1.3135535692749946*^8+5.953609230809221*^7*I,92.50852744543597-204.10372613317523*I
6.202395728505734*^7+1.294647072652842*^8*I,201.1636864196285-96.37679263875029*I
-3.267718615592491*^7+1.3910983736744368*^8*I,216.14975021099715+50.7733193443262*I
-1.1027557819383702*^8+8.984105509721471*^7*I,139.59538781941703+171.34905114915063*I
-1.4142096767318812*^8+6.837210195147339*^6*I,10.624741441667016+219.7443405489616*I
-1.189687778294431*^8-7.556011690322*^7*I,-117.40444299919673+184.85772154691*I
-5.6189184306128435*^7-1.2854523620822449*^8*I,-199.7346566750642+87.30753099902284*I
2.2172161271714583*^7-1.378723432592504*^8*I,-214.22883087873623-34.45297145676703*I
9.056087482973173*^7-1.0545210556547177*^8*I,-163.8559666527054-140.71593751102725*I
1.3078056998680842*^8-4.517562100819122*^7*I,-70.19753346374134-203.2092204211446*I
1.3563974915782216*^8+2.3900639424664095*^7*I,37.13676779878536-210.7587469932656*I
1.0831820562253845*^8+8.40370166124038*^7*I,130.57962152892654-168.30662885206922*I
5.902769078178302*^7+1.2303896241534002*^8*I,191.1826539879148-91.72032400670639*I
738646.4179677666+1.3583662555874625*^8*I,211.06723288724584-1.1500469315616257*I
-5.446114771109219*^7+1.2376237073145905*^8*I,192.30418458902486+84.6216610279895*I
-9.772266642353183*^7+9.255053528245257*^7*I,143.80664696821958+151.84432944011135*I
-1.2430543726669803*^8+4.997241270679478*^7*I,77.64917537221142+193.1513538720658*I
